[2026-04-28T09:38:48.240Z] Auth attempt: {
  "hasHeader": false,
  "hasCookie": true,
  "allowedRoles": [
    "admin",
    "super_admin"
  ]
}
[2026-04-28T09:38:48.258Z] Auth attempt: {
  "hasHeader": false,
  "hasCookie": true,
  "allowedRoles": []
}
[2026-04-28T09:38:48.265Z] Auth attempt: {
  "hasHeader": false,
  "hasCookie": true,
  "allowedRoles": [
    "admin",
    "super_admin"
  ]
}
[2026-04-28T09:38:48.272Z] Auth attempt: {
  "hasHeader": false,
  "hasCookie": true,
  "allowedRoles": []
}
[2026-04-28T09:38:48.392Z] Auth success: {
  "user": {
    "id": "04f5f0e4-4311-4313-92b7-33fd0167a565",
    "type": "customer",
    "email": null,
    "name": null
  }
}
[2026-04-28T09:38:48.392Z] Auth failed: Insufficient permissions: {
  "userType": "customer",
  "allowedRoles": [
    "admin",
    "super_admin"
  ]
}
[2026-04-28T09:38:48.441Z] Auth success: {
  "user": {
    "id": "04f5f0e4-4311-4313-92b7-33fd0167a565",
    "type": "customer",
    "email": null,
    "name": null
  }
}
[2026-04-28T09:38:48.458Z] Auth attempt: {
  "hasHeader": false,
  "hasCookie": true,
  "allowedRoles": [
    "admin",
    "super_admin"
  ]
}
[2026-04-28T09:38:48.466Z] Auth attempt: {
  "hasHeader": false,
  "hasCookie": true,
  "allowedRoles": []
}
[2026-04-28T09:38:48.471Z] Auth success: {
  "user": {
    "id": "04f5f0e4-4311-4313-92b7-33fd0167a565",
    "type": "customer",
    "email": null,
    "name": null
  }
}
[2026-04-28T09:38:48.473Z] Auth failed: Insufficient permissions: {
  "userType": "customer",
  "allowedRoles": [
    "admin",
    "super_admin"
  ]
}
[2026-04-28T09:38:48.478Z] Auth success: {
  "user": {
    "id": "04f5f0e4-4311-4313-92b7-33fd0167a565",
    "type": "customer",
    "email": null,
    "name": null
  }
}
[2026-04-28T09:38:48.479Z] Auth failed: Insufficient permissions: {
  "userType": "customer",
  "allowedRoles": [
    "admin",
    "super_admin"
  ]
}
[2026-04-28T09:38:48.483Z] Auth success: {
  "user": {
    "id": "04f5f0e4-4311-4313-92b7-33fd0167a565",
    "type": "customer",
    "email": null,
    "name": null
  }
}
[2026-04-28T09:38:48.494Z] Auth success: {
  "user": {
    "id": "04f5f0e4-4311-4313-92b7-33fd0167a565",
    "type": "customer",
    "email": null,
    "name": null
  }
}
[2026-04-28T09:38:48.505Z] Auth attempt: {
  "hasHeader": false,
  "hasCookie": true,
  "allowedRoles": [
    "admin",
    "super_admin"
  ]
}
[2026-04-28T09:38:48.511Z] Auth attempt: {
  "hasHeader": false,
  "hasCookie": true,
  "allowedRoles": []
}
[2026-04-28T09:38:48.514Z] Auth success: {
  "user": {
    "id": "04f5f0e4-4311-4313-92b7-33fd0167a565",
    "type": "customer",
    "email": null,
    "name": null
  }
}
[2026-04-28T09:38:48.516Z] Auth failed: Insufficient permissions: {
  "userType": "customer",
  "allowedRoles": [
    "admin",
    "super_admin"
  ]
}
[2026-04-28T09:38:48.524Z] Auth success: {
  "user": {
    "id": "04f5f0e4-4311-4313-92b7-33fd0167a565",
    "type": "customer",
    "email": null,
    "name": null
  }
}
[2026-04-28T09:43:46.432Z] Auth attempt: {
  "hasHeader": false,
  "cookies": {
    "token": "415eec6b81ce2ff205623ac53d3fdd69709d85eeeee7ea262c11d78507e2d2ed",
    "rzp_unified_session_id": "Siraay8L4o4LIM"
  },
  "allowedRoles": [
    "admin",
    "super_admin"
  ]
}
[2026-04-28T09:43:46.474Z] Auth attempt: {
  "hasHeader": false,
  "cookies": {
    "token": "415eec6b81ce2ff205623ac53d3fdd69709d85eeeee7ea262c11d78507e2d2ed",
    "rzp_unified_session_id": "Siraay8L4o4LIM"
  },
  "allowedRoles": []
}
[2026-04-28T09:43:46.479Z] Auth attempt: {
  "hasHeader": false,
  "cookies": {
    "token": "415eec6b81ce2ff205623ac53d3fdd69709d85eeeee7ea262c11d78507e2d2ed",
    "rzp_unified_session_id": "Siraay8L4o4LIM"
  },
  "allowedRoles": []
}
[2026-04-28T09:43:46.490Z] Auth attempt: {
  "hasHeader": false,
  "cookies": {
    "token": "415eec6b81ce2ff205623ac53d3fdd69709d85eeeee7ea262c11d78507e2d2ed",
    "rzp_unified_session_id": "Siraay8L4o4LIM"
  },
  "allowedRoles": [
    "admin",
    "super_admin"
  ]
}
[2026-04-28T09:43:46.726Z] Auth success: {
  "user": {
    "id": "04f5f0e4-4311-4313-92b7-33fd0167a565",
    "type": "customer",
    "email": null,
    "name": null
  }
}
[2026-04-28T09:43:46.731Z] Auth failed: Insufficient permissions: {
  "userType": "customer",
  "allowedRoles": [
    "admin",
    "super_admin"
  ]
}
[2026-04-28T09:43:46.757Z] Auth success: {
  "user": {
    "id": "04f5f0e4-4311-4313-92b7-33fd0167a565",
    "type": "customer",
    "email": null,
    "name": null
  }
}
[2026-04-28T09:43:46.764Z] Auth success: {
  "user": {
    "id": "04f5f0e4-4311-4313-92b7-33fd0167a565",
    "type": "customer",
    "email": null,
    "name": null
  }
}
[2026-04-28T09:43:46.770Z] Auth success: {
  "user": {
    "id": "04f5f0e4-4311-4313-92b7-33fd0167a565",
    "type": "customer",
    "email": null,
    "name": null
  }
}
[2026-04-28T09:43:46.773Z] Auth failed: Insufficient permissions: {
  "userType": "customer",
  "allowedRoles": [
    "admin",
    "super_admin"
  ]
}
[2026-04-28T09:43:46.784Z] Auth attempt: {
  "hasHeader": false,
  "cookies": {
    "token": "415eec6b81ce2ff205623ac53d3fdd69709d85eeeee7ea262c11d78507e2d2ed",
    "rzp_unified_session_id": "Siraay8L4o4LIM"
  },
  "allowedRoles": []
}
[2026-04-28T09:43:46.790Z] Auth attempt: {
  "hasHeader": false,
  "cookies": {
    "token": "415eec6b81ce2ff205623ac53d3fdd69709d85eeeee7ea262c11d78507e2d2ed",
    "rzp_unified_session_id": "Siraay8L4o4LIM"
  },
  "allowedRoles": []
}
[2026-04-28T09:43:46.795Z] Auth attempt: {
  "hasHeader": false,
  "cookies": {
    "token": "415eec6b81ce2ff205623ac53d3fdd69709d85eeeee7ea262c11d78507e2d2ed",
    "rzp_unified_session_id": "Siraay8L4o4LIM"
  },
  "allowedRoles": [
    "admin",
    "super_admin"
  ]
}
[2026-04-28T09:43:46.803Z] Auth attempt: {
  "hasHeader": false,
  "cookies": {
    "token": "415eec6b81ce2ff205623ac53d3fdd69709d85eeeee7ea262c11d78507e2d2ed",
    "rzp_unified_session_id": "Siraay8L4o4LIM"
  },
  "allowedRoles": [
    "admin",
    "super_admin"
  ]
}
[2026-04-28T09:43:46.817Z] Auth success: {
  "user": {
    "id": "04f5f0e4-4311-4313-92b7-33fd0167a565",
    "type": "customer",
    "email": null,
    "name": null
  }
}
[2026-04-28T09:43:46.824Z] Auth success: {
  "user": {
    "id": "04f5f0e4-4311-4313-92b7-33fd0167a565",
    "type": "customer",
    "email": null,
    "name": null
  }
}
[2026-04-28T09:43:46.828Z] Auth success: {
  "user": {
    "id": "04f5f0e4-4311-4313-92b7-33fd0167a565",
    "type": "customer",
    "email": null,
    "name": null
  }
}
[2026-04-28T09:43:46.830Z] Auth failed: Insufficient permissions: {
  "userType": "customer",
  "allowedRoles": [
    "admin",
    "super_admin"
  ]
}
[2026-04-28T09:43:47.425Z] Auth success: {
  "user": {
    "id": "04f5f0e4-4311-4313-92b7-33fd0167a565",
    "type": "customer",
    "email": null,
    "name": null
  }
}
[2026-04-28T09:43:47.435Z] Auth failed: Insufficient permissions: {
  "userType": "customer",
  "allowedRoles": [
    "admin",
    "super_admin"
  ]
}
[2026-04-28T09:44:44.673Z] Auth attempt: {
  "hasHeader": false,
  "cookies": {
    "token": "d25a9a352bcab8cfa9d6f17589e7bff6cd0063dda813290e45e0944efe7c0203"
  },
  "allowedRoles": [
    "admin",
    "super_admin"
  ]
}
[2026-04-28T09:44:44.676Z] Auth attempt: {
  "hasHeader": false,
  "cookies": {
    "token": "d25a9a352bcab8cfa9d6f17589e7bff6cd0063dda813290e45e0944efe7c0203"
  },
  "allowedRoles": [
    "admin",
    "super_admin"
  ]
}
[2026-04-28T09:44:44.693Z] Auth success: {
  "user": {
    "id": "b017594a-241f-4fe4-abf4-5117f32025ee",
    "type": "seller",
    "email": "sanjayganesan016@gmail.com",
    "name": "Home Mart"
  }
}
[2026-04-28T09:44:44.694Z] Auth failed: Insufficient permissions: {
  "userType": "seller",
  "allowedRoles": [
    "admin",
    "super_admin"
  ]
}
[2026-04-28T09:44:44.705Z] Auth attempt: {
  "hasHeader": false,
  "cookies": {
    "token": "d25a9a352bcab8cfa9d6f17589e7bff6cd0063dda813290e45e0944efe7c0203"
  },
  "allowedRoles": [
    "admin",
    "super_admin"
  ]
}
[2026-04-28T09:44:44.708Z] Auth success: {
  "user": {
    "id": "b017594a-241f-4fe4-abf4-5117f32025ee",
    "type": "seller",
    "email": "sanjayganesan016@gmail.com",
    "name": "Home Mart"
  }
}
[2026-04-28T09:44:44.709Z] Auth failed: Insufficient permissions: {
  "userType": "seller",
  "allowedRoles": [
    "admin",
    "super_admin"
  ]
}
[2026-04-28T09:44:44.741Z] Auth success: {
  "user": {
    "id": "b017594a-241f-4fe4-abf4-5117f32025ee",
    "type": "seller",
    "email": "sanjayganesan016@gmail.com",
    "name": "Home Mart"
  }
}
[2026-04-28T09:44:44.742Z] Auth failed: Insufficient permissions: {
  "userType": "seller",
  "allowedRoles": [
    "admin",
    "super_admin"
  ]
}
[2026-04-28T09:44:44.747Z] Auth attempt: {
  "hasHeader": false,
  "cookies": {
    "token": "d25a9a352bcab8cfa9d6f17589e7bff6cd0063dda813290e45e0944efe7c0203"
  },
  "allowedRoles": [
    "admin",
    "super_admin"
  ]
}
[2026-04-28T09:44:44.750Z] Auth success: {
  "user": {
    "id": "b017594a-241f-4fe4-abf4-5117f32025ee",
    "type": "seller",
    "email": "sanjayganesan016@gmail.com",
    "name": "Home Mart"
  }
}
[2026-04-28T09:44:44.750Z] Auth failed: Insufficient permissions: {
  "userType": "seller",
  "allowedRoles": [
    "admin",
    "super_admin"
  ]
}
[2026-04-28T09:44:49.707Z] Auth attempt: {
  "hasHeader": false,
  "cookies": {
    "token": "d25a9a352bcab8cfa9d6f17589e7bff6cd0063dda813290e45e0944efe7c0203"
  },
  "allowedRoles": [
    "admin",
    "super_admin"
  ]
}
[2026-04-28T09:44:49.717Z] Auth success: {
  "user": {
    "id": "b017594a-241f-4fe4-abf4-5117f32025ee",
    "type": "seller",
    "email": "sanjayganesan016@gmail.com",
    "name": "Home Mart"
  }
}
[2026-04-28T09:44:49.718Z] Auth failed: Insufficient permissions: {
  "userType": "seller",
  "allowedRoles": [
    "admin",
    "super_admin"
  ]
}
[2026-04-28T09:44:49.733Z] Auth attempt: {
  "hasHeader": false,
  "cookies": {
    "token": "d25a9a352bcab8cfa9d6f17589e7bff6cd0063dda813290e45e0944efe7c0203"
  },
  "allowedRoles": [
    "admin",
    "super_admin"
  ]
}
[2026-04-28T09:44:49.740Z] Auth success: {
  "user": {
    "id": "b017594a-241f-4fe4-abf4-5117f32025ee",
    "type": "seller",
    "email": "sanjayganesan016@gmail.com",
    "name": "Home Mart"
  }
}
[2026-04-28T09:44:49.741Z] Auth failed: Insufficient permissions: {
  "userType": "seller",
  "allowedRoles": [
    "admin",
    "super_admin"
  ]
}
[2026-04-28T09:44:52.948Z] Auth attempt: {
  "hasHeader": false,
  "cookies": {
    "token": "d25a9a352bcab8cfa9d6f17589e7bff6cd0063dda813290e45e0944efe7c0203"
  },
  "allowedRoles": [
    "admin",
    "super_admin"
  ]
}
[2026-04-28T09:44:52.951Z] Auth success: {
  "user": {
    "id": "b017594a-241f-4fe4-abf4-5117f32025ee",
    "type": "seller",
    "email": "sanjayganesan016@gmail.com",
    "name": "Home Mart"
  }
}
[2026-04-28T09:44:52.952Z] Auth failed: Insufficient permissions: {
  "userType": "seller",
  "allowedRoles": [
    "admin",
    "super_admin"
  ]
}
[2026-04-28T09:44:52.956Z] Auth attempt: {
  "hasHeader": false,
  "cookies": {
    "token": "d25a9a352bcab8cfa9d6f17589e7bff6cd0063dda813290e45e0944efe7c0203"
  },
  "allowedRoles": [
    "admin",
    "super_admin"
  ]
}
[2026-04-28T09:44:52.958Z] Auth success: {
  "user": {
    "id": "b017594a-241f-4fe4-abf4-5117f32025ee",
    "type": "seller",
    "email": "sanjayganesan016@gmail.com",
    "name": "Home Mart"
  }
}
[2026-04-28T09:44:52.959Z] Auth failed: Insufficient permissions: {
  "userType": "seller",
  "allowedRoles": [
    "admin",
    "super_admin"
  ]
}
[2026-04-28T09:44:54.483Z] Auth attempt: {
  "hasHeader": false,
  "cookies": {
    "token": "d25a9a352bcab8cfa9d6f17589e7bff6cd0063dda813290e45e0944efe7c0203"
  },
  "allowedRoles": [
    "admin",
    "super_admin"
  ]
}
[2026-04-28T09:44:54.485Z] Auth success: {
  "user": {
    "id": "b017594a-241f-4fe4-abf4-5117f32025ee",
    "type": "seller",
    "email": "sanjayganesan016@gmail.com",
    "name": "Home Mart"
  }
}
[2026-04-28T09:44:54.486Z] Auth failed: Insufficient permissions: {
  "userType": "seller",
  "allowedRoles": [
    "admin",
    "super_admin"
  ]
}
[2026-04-28T09:44:54.489Z] Auth attempt: {
  "hasHeader": false,
  "cookies": {
    "token": "d25a9a352bcab8cfa9d6f17589e7bff6cd0063dda813290e45e0944efe7c0203"
  },
  "allowedRoles": [
    "admin",
    "super_admin"
  ]
}
[2026-04-28T09:44:54.492Z] Auth success: {
  "user": {
    "id": "b017594a-241f-4fe4-abf4-5117f32025ee",
    "type": "seller",
    "email": "sanjayganesan016@gmail.com",
    "name": "Home Mart"
  }
}
[2026-04-28T09:44:54.493Z] Auth failed: Insufficient permissions: {
  "userType": "seller",
  "allowedRoles": [
    "admin",
    "super_admin"
  ]
}
[2026-04-28T09:44:55.712Z] Auth attempt: {
  "hasHeader": false,
  "cookies": {
    "token": "d25a9a352bcab8cfa9d6f17589e7bff6cd0063dda813290e45e0944efe7c0203"
  },
  "allowedRoles": [
    "admin",
    "super_admin"
  ]
}
[2026-04-28T09:44:55.715Z] Auth success: {
  "user": {
    "id": "b017594a-241f-4fe4-abf4-5117f32025ee",
    "type": "seller",
    "email": "sanjayganesan016@gmail.com",
    "name": "Home Mart"
  }
}
[2026-04-28T09:44:55.716Z] Auth failed: Insufficient permissions: {
  "userType": "seller",
  "allowedRoles": [
    "admin",
    "super_admin"
  ]
}
[2026-04-28T09:44:55.720Z] Auth attempt: {
  "hasHeader": false,
  "cookies": {
    "token": "d25a9a352bcab8cfa9d6f17589e7bff6cd0063dda813290e45e0944efe7c0203"
  },
  "allowedRoles": [
    "admin",
    "super_admin"
  ]
}
[2026-04-28T09:44:55.722Z] Auth success: {
  "user": {
    "id": "b017594a-241f-4fe4-abf4-5117f32025ee",
    "type": "seller",
    "email": "sanjayganesan016@gmail.com",
    "name": "Home Mart"
  }
}
[2026-04-28T09:44:55.723Z] Auth failed: Insufficient permissions: {
  "userType": "seller",
  "allowedRoles": [
    "admin",
    "super_admin"
  ]
}
[2026-04-28T09:44:56.807Z] Auth attempt: {
  "hasHeader": false,
  "cookies": {
    "token": "d25a9a352bcab8cfa9d6f17589e7bff6cd0063dda813290e45e0944efe7c0203"
  },
  "allowedRoles": [
    "admin",
    "super_admin"
  ]
}
[2026-04-28T09:44:56.810Z] Auth success: {
  "user": {
    "id": "b017594a-241f-4fe4-abf4-5117f32025ee",
    "type": "seller",
    "email": "sanjayganesan016@gmail.com",
    "name": "Home Mart"
  }
}
[2026-04-28T09:44:56.812Z] Auth failed: Insufficient permissions: {
  "userType": "seller",
  "allowedRoles": [
    "admin",
    "super_admin"
  ]
}
[2026-04-28T09:44:56.817Z] Auth attempt: {
  "hasHeader": false,
  "cookies": {
    "token": "d25a9a352bcab8cfa9d6f17589e7bff6cd0063dda813290e45e0944efe7c0203"
  },
  "allowedRoles": [
    "admin",
    "super_admin"
  ]
}
[2026-04-28T09:44:56.819Z] Auth success: {
  "user": {
    "id": "b017594a-241f-4fe4-abf4-5117f32025ee",
    "type": "seller",
    "email": "sanjayganesan016@gmail.com",
    "name": "Home Mart"
  }
}
[2026-04-28T09:44:56.820Z] Auth failed: Insufficient permissions: {
  "userType": "seller",
  "allowedRoles": [
    "admin",
    "super_admin"
  ]
}
[2026-04-28T09:44:57.735Z] Auth attempt: {
  "hasHeader": false,
  "cookies": {
    "token": "d25a9a352bcab8cfa9d6f17589e7bff6cd0063dda813290e45e0944efe7c0203"
  },
  "allowedRoles": [
    "admin",
    "super_admin"
  ]
}
[2026-04-28T09:44:57.737Z] Auth success: {
  "user": {
    "id": "b017594a-241f-4fe4-abf4-5117f32025ee",
    "type": "seller",
    "email": "sanjayganesan016@gmail.com",
    "name": "Home Mart"
  }
}
[2026-04-28T09:44:57.738Z] Auth failed: Insufficient permissions: {
  "userType": "seller",
  "allowedRoles": [
    "admin",
    "super_admin"
  ]
}
[2026-04-28T09:44:57.742Z] Auth attempt: {
  "hasHeader": false,
  "cookies": {
    "token": "d25a9a352bcab8cfa9d6f17589e7bff6cd0063dda813290e45e0944efe7c0203"
  },
  "allowedRoles": [
    "admin",
    "super_admin"
  ]
}
[2026-04-28T09:44:57.745Z] Auth success: {
  "user": {
    "id": "b017594a-241f-4fe4-abf4-5117f32025ee",
    "type": "seller",
    "email": "sanjayganesan016@gmail.com",
    "name": "Home Mart"
  }
}
[2026-04-28T09:44:57.746Z] Auth failed: Insufficient permissions: {
  "userType": "seller",
  "allowedRoles": [
    "admin",
    "super_admin"
  ]
}
[2026-04-28T09:45:28.843Z] Auth attempt: {
  "hasHeader": false,
  "cookies": {
    "token": "d25a9a352bcab8cfa9d6f17589e7bff6cd0063dda813290e45e0944efe7c0203"
  },
  "allowedRoles": [
    "admin",
    "super_admin"
  ]
}
[2026-04-28T09:45:28.902Z] Auth success: {
  "user": {
    "id": "b017594a-241f-4fe4-abf4-5117f32025ee",
    "type": "seller",
    "email": "sanjayganesan016@gmail.com",
    "name": "Home Mart"
  }
}
[2026-04-28T09:45:28.903Z] Auth failed: Insufficient permissions: {
  "userType": "seller",
  "allowedRoles": [
    "admin",
    "super_admin"
  ]
}
[2026-04-28T09:45:28.907Z] Auth attempt: {
  "hasHeader": false,
  "cookies": {
    "token": "d25a9a352bcab8cfa9d6f17589e7bff6cd0063dda813290e45e0944efe7c0203"
  },
  "allowedRoles": [
    "admin",
    "super_admin"
  ]
}
[2026-04-28T09:45:28.909Z] Auth success: {
  "user": {
    "id": "b017594a-241f-4fe4-abf4-5117f32025ee",
    "type": "seller",
    "email": "sanjayganesan016@gmail.com",
    "name": "Home Mart"
  }
}
[2026-04-28T09:45:28.910Z] Auth failed: Insufficient permissions: {
  "userType": "seller",
  "allowedRoles": [
    "admin",
    "super_admin"
  ]
}
[2026-04-28T09:46:17.415Z] Auth attempt: {
  "hasHeader": false,
  "cookies": {
    "token": "d25a9a352bcab8cfa9d6f17589e7bff6cd0063dda813290e45e0944efe7c0203"
  },
  "allowedRoles": [
    "admin",
    "super_admin"
  ]
}
[2026-04-28T09:46:17.419Z] Auth attempt: {
  "hasHeader": false,
  "cookies": {
    "token": "d25a9a352bcab8cfa9d6f17589e7bff6cd0063dda813290e45e0944efe7c0203"
  },
  "allowedRoles": [
    "admin",
    "super_admin"
  ]
}
[2026-04-28T09:46:17.434Z] Auth success: {
  "user": {
    "id": "b017594a-241f-4fe4-abf4-5117f32025ee",
    "type": "seller",
    "email": "sanjayganesan016@gmail.com",
    "name": "Home Mart"
  }
}
[2026-04-28T09:46:17.436Z] Auth failed: Insufficient permissions: {
  "userType": "seller",
  "allowedRoles": [
    "admin",
    "super_admin"
  ]
}
[2026-04-28T09:46:17.442Z] Auth attempt: {
  "hasHeader": false,
  "cookies": {
    "token": "d25a9a352bcab8cfa9d6f17589e7bff6cd0063dda813290e45e0944efe7c0203"
  },
  "allowedRoles": [
    "admin",
    "super_admin"
  ]
}
[2026-04-28T09:46:17.446Z] Auth success: {
  "user": {
    "id": "b017594a-241f-4fe4-abf4-5117f32025ee",
    "type": "seller",
    "email": "sanjayganesan016@gmail.com",
    "name": "Home Mart"
  }
}
[2026-04-28T09:46:17.448Z] Auth failed: Insufficient permissions: {
  "userType": "seller",
  "allowedRoles": [
    "admin",
    "super_admin"
  ]
}
[2026-04-28T09:46:17.488Z] Auth success: {
  "user": {
    "id": "b017594a-241f-4fe4-abf4-5117f32025ee",
    "type": "seller",
    "email": "sanjayganesan016@gmail.com",
    "name": "Home Mart"
  }
}
[2026-04-28T09:46:17.491Z] Auth failed: Insufficient permissions: {
  "userType": "seller",
  "allowedRoles": [
    "admin",
    "super_admin"
  ]
}
[2026-04-28T09:46:17.499Z] Auth attempt: {
  "hasHeader": false,
  "cookies": {
    "token": "d25a9a352bcab8cfa9d6f17589e7bff6cd0063dda813290e45e0944efe7c0203"
  },
  "allowedRoles": [
    "admin",
    "super_admin"
  ]
}
[2026-04-28T09:46:17.504Z] Auth success: {
  "user": {
    "id": "b017594a-241f-4fe4-abf4-5117f32025ee",
    "type": "seller",
    "email": "sanjayganesan016@gmail.com",
    "name": "Home Mart"
  }
}
[2026-04-28T09:46:17.505Z] Auth failed: Insufficient permissions: {
  "userType": "seller",
  "allowedRoles": [
    "admin",
    "super_admin"
  ]
}
[2026-04-28T09:46:20.067Z] Auth attempt: {
  "hasHeader": false,
  "cookies": {
    "token": "d25a9a352bcab8cfa9d6f17589e7bff6cd0063dda813290e45e0944efe7c0203"
  },
  "allowedRoles": [
    "admin",
    "super_admin"
  ]
}
[2026-04-28T09:46:20.071Z] Auth success: {
  "user": {
    "id": "b017594a-241f-4fe4-abf4-5117f32025ee",
    "type": "seller",
    "email": "sanjayganesan016@gmail.com",
    "name": "Home Mart"
  }
}
[2026-04-28T09:46:20.072Z] Auth failed: Insufficient permissions: {
  "userType": "seller",
  "allowedRoles": [
    "admin",
    "super_admin"
  ]
}
[2026-04-28T09:46:20.076Z] Auth attempt: {
  "hasHeader": false,
  "cookies": {
    "token": "d25a9a352bcab8cfa9d6f17589e7bff6cd0063dda813290e45e0944efe7c0203"
  },
  "allowedRoles": [
    "admin",
    "super_admin"
  ]
}
[2026-04-28T09:46:20.084Z] Auth success: {
  "user": {
    "id": "b017594a-241f-4fe4-abf4-5117f32025ee",
    "type": "seller",
    "email": "sanjayganesan016@gmail.com",
    "name": "Home Mart"
  }
}
[2026-04-28T09:46:20.085Z] Auth failed: Insufficient permissions: {
  "userType": "seller",
  "allowedRoles": [
    "admin",
    "super_admin"
  ]
}
[2026-04-28T09:55:16.841Z] Auth attempt: {
  "hasHeader": false,
  "cookies": {
    "token": "d25a9a352bcab8cfa9d6f17589e7bff6cd0063dda813290e45e0944efe7c0203"
  },
  "allowedRoles": [
    "admin",
    "super_admin"
  ]
}
[2026-04-28T09:55:16.845Z] Auth attempt: {
  "hasHeader": false,
  "cookies": {
    "token": "d25a9a352bcab8cfa9d6f17589e7bff6cd0063dda813290e45e0944efe7c0203"
  },
  "allowedRoles": [
    "admin",
    "super_admin"
  ]
}
[2026-04-28T09:55:16.867Z] Auth success: {
  "user": {
    "id": "b017594a-241f-4fe4-abf4-5117f32025ee",
    "type": "seller",
    "email": "sanjayganesan016@gmail.com",
    "name": "Sanjay seller"
  }
}
[2026-04-28T09:55:16.868Z] Auth failed: Insufficient permissions: {
  "userType": "seller",
  "allowedRoles": [
    "admin",
    "super_admin"
  ]
}
[2026-04-28T09:55:16.877Z] Auth attempt: {
  "hasHeader": false,
  "cookies": {
    "token": "d25a9a352bcab8cfa9d6f17589e7bff6cd0063dda813290e45e0944efe7c0203"
  },
  "allowedRoles": [
    "admin",
    "super_admin"
  ]
}
[2026-04-28T09:55:16.880Z] Auth success: {
  "user": {
    "id": "b017594a-241f-4fe4-abf4-5117f32025ee",
    "type": "seller",
    "email": "sanjayganesan016@gmail.com",
    "name": "Sanjay seller"
  }
}
[2026-04-28T09:55:16.881Z] Auth failed: Insufficient permissions: {
  "userType": "seller",
  "allowedRoles": [
    "admin",
    "super_admin"
  ]
}
[2026-04-28T09:55:16.918Z] Auth success: {
  "user": {
    "id": "b017594a-241f-4fe4-abf4-5117f32025ee",
    "type": "seller",
    "email": "sanjayganesan016@gmail.com",
    "name": "Sanjay seller"
  }
}
[2026-04-28T09:55:16.919Z] Auth failed: Insufficient permissions: {
  "userType": "seller",
  "allowedRoles": [
    "admin",
    "super_admin"
  ]
}
[2026-04-28T09:55:16.923Z] Auth attempt: {
  "hasHeader": false,
  "cookies": {
    "token": "d25a9a352bcab8cfa9d6f17589e7bff6cd0063dda813290e45e0944efe7c0203"
  },
  "allowedRoles": [
    "admin",
    "super_admin"
  ]
}
[2026-04-28T09:55:16.927Z] Auth success: {
  "user": {
    "id": "b017594a-241f-4fe4-abf4-5117f32025ee",
    "type": "seller",
    "email": "sanjayganesan016@gmail.com",
    "name": "Sanjay seller"
  }
}
[2026-04-28T09:55:16.928Z] Auth failed: Insufficient permissions: {
  "userType": "seller",
  "allowedRoles": [
    "admin",
    "super_admin"
  ]
}
[2026-04-28T09:55:19.220Z] Auth attempt: {
  "hasHeader": false,
  "cookies": {
    "token": "d25a9a352bcab8cfa9d6f17589e7bff6cd0063dda813290e45e0944efe7c0203"
  },
  "allowedRoles": [
    "admin",
    "super_admin"
  ]
}
[2026-04-28T09:55:19.227Z] Auth success: {
  "user": {
    "id": "b017594a-241f-4fe4-abf4-5117f32025ee",
    "type": "seller",
    "email": "sanjayganesan016@gmail.com",
    "name": "Sanjay seller"
  }
}
[2026-04-28T09:55:19.228Z] Auth failed: Insufficient permissions: {
  "userType": "seller",
  "allowedRoles": [
    "admin",
    "super_admin"
  ]
}
[2026-04-28T09:55:19.232Z] Auth attempt: {
  "hasHeader": false,
  "cookies": {
    "token": "d25a9a352bcab8cfa9d6f17589e7bff6cd0063dda813290e45e0944efe7c0203"
  },
  "allowedRoles": [
    "admin",
    "super_admin"
  ]
}
[2026-04-28T09:55:19.236Z] Auth success: {
  "user": {
    "id": "b017594a-241f-4fe4-abf4-5117f32025ee",
    "type": "seller",
    "email": "sanjayganesan016@gmail.com",
    "name": "Sanjay seller"
  }
}
[2026-04-28T09:55:19.237Z] Auth failed: Insufficient permissions: {
  "userType": "seller",
  "allowedRoles": [
    "admin",
    "super_admin"
  ]
}
[2026-04-28T09:55:41.907Z] Auth attempt: {
  "hasHeader": false,
  "cookies": {
    "token": "d25a9a352bcab8cfa9d6f17589e7bff6cd0063dda813290e45e0944efe7c0203",
    "rzp_unified_session_id": "Sis3FyMmTAUnFJ"
  },
  "allowedRoles": [
    "admin",
    "super_admin"
  ]
}
[2026-04-28T09:55:41.947Z] Auth attempt: {
  "hasHeader": false,
  "cookies": {
    "token": "d25a9a352bcab8cfa9d6f17589e7bff6cd0063dda813290e45e0944efe7c0203",
    "rzp_unified_session_id": "Sis3FyMmTAUnFJ"
  },
  "allowedRoles": [
    "admin",
    "super_admin"
  ]
}
[2026-04-28T09:55:42.030Z] Auth attempt: {
  "hasHeader": false,
  "cookies": {
    "token": "d25a9a352bcab8cfa9d6f17589e7bff6cd0063dda813290e45e0944efe7c0203",
    "rzp_unified_session_id": "Sis3FyMmTAUnFJ"
  },
  "allowedRoles": []
}
[2026-04-28T09:55:42.047Z] Auth attempt: {
  "hasHeader": false,
  "cookies": {
    "token": "d25a9a352bcab8cfa9d6f17589e7bff6cd0063dda813290e45e0944efe7c0203",
    "rzp_unified_session_id": "Sis3FyMmTAUnFJ"
  },
  "allowedRoles": [
    "admin",
    "super_admin"
  ]
}
[2026-04-28T09:55:42.102Z] Auth attempt: {
  "hasHeader": false,
  "cookies": {
    "token": "d25a9a352bcab8cfa9d6f17589e7bff6cd0063dda813290e45e0944efe7c0203",
    "rzp_unified_session_id": "Sis3FyMmTAUnFJ"
  },
  "allowedRoles": []
}
[2026-04-28T09:55:42.108Z] Auth attempt: {
  "hasHeader": false,
  "cookies": {
    "token": "d25a9a352bcab8cfa9d6f17589e7bff6cd0063dda813290e45e0944efe7c0203",
    "rzp_unified_session_id": "Sis3FyMmTAUnFJ"
  },
  "allowedRoles": [
    "admin",
    "super_admin"
  ]
}
[2026-04-28T09:55:42.284Z] Auth success: {
  "user": {
    "id": "b017594a-241f-4fe4-abf4-5117f32025ee",
    "type": "seller",
    "email": "sanjayganesan016@gmail.com",
    "name": "Sanjay seller"
  }
}
[2026-04-28T09:55:42.289Z] Auth failed: Insufficient permissions: {
  "userType": "seller",
  "allowedRoles": [
    "admin",
    "super_admin"
  ]
}
[2026-04-28T09:55:42.310Z] Auth success: {
  "user": {
    "id": "b017594a-241f-4fe4-abf4-5117f32025ee",
    "type": "seller",
    "email": "sanjayganesan016@gmail.com",
    "name": "Sanjay seller"
  }
}
[2026-04-28T09:55:42.323Z] Auth success: {
  "user": {
    "id": "b017594a-241f-4fe4-abf4-5117f32025ee",
    "type": "seller",
    "email": "sanjayganesan016@gmail.com",
    "name": "Sanjay seller"
  }
}
[2026-04-28T09:55:42.326Z] Auth failed: Insufficient permissions: {
  "userType": "seller",
  "allowedRoles": [
    "admin",
    "super_admin"
  ]
}
[2026-04-28T09:55:42.342Z] Auth success: {
  "user": {
    "id": "b017594a-241f-4fe4-abf4-5117f32025ee",
    "type": "seller",
    "email": "sanjayganesan016@gmail.com",
    "name": "Sanjay seller"
  }
}
[2026-04-28T09:55:42.349Z] Auth failed: Insufficient permissions: {
  "userType": "seller",
  "allowedRoles": [
    "admin",
    "super_admin"
  ]
}
[2026-04-28T09:55:42.359Z] Auth attempt: {
  "hasHeader": false,
  "cookies": {
    "token": "d25a9a352bcab8cfa9d6f17589e7bff6cd0063dda813290e45e0944efe7c0203",
    "rzp_unified_session_id": "Sis3FyMmTAUnFJ"
  },
  "allowedRoles": []
}
[2026-04-28T09:55:42.366Z] Auth attempt: {
  "hasHeader": false,
  "cookies": {
    "token": "d25a9a352bcab8cfa9d6f17589e7bff6cd0063dda813290e45e0944efe7c0203",
    "rzp_unified_session_id": "Sis3FyMmTAUnFJ"
  },
  "allowedRoles": []
}
[2026-04-28T09:55:42.372Z] Auth success: {
  "user": {
    "id": "b017594a-241f-4fe4-abf4-5117f32025ee",
    "type": "seller",
    "email": "sanjayganesan016@gmail.com",
    "name": "Sanjay seller"
  }
}
[2026-04-28T09:55:42.401Z] Auth success: {
  "user": {
    "id": "b017594a-241f-4fe4-abf4-5117f32025ee",
    "type": "seller",
    "email": "sanjayganesan016@gmail.com",
    "name": "Sanjay seller"
  }
}
[2026-04-28T09:55:42.419Z] Auth success: {
  "user": {
    "id": "b017594a-241f-4fe4-abf4-5117f32025ee",
    "type": "seller",
    "email": "sanjayganesan016@gmail.com",
    "name": "Sanjay seller"
  }
}
[2026-04-28T09:55:42.909Z] Auth success: {
  "user": {
    "id": "b017594a-241f-4fe4-abf4-5117f32025ee",
    "type": "seller",
    "email": "sanjayganesan016@gmail.com",
    "name": "Sanjay seller"
  }
}
[2026-04-28T09:55:42.922Z] Auth failed: Insufficient permissions: {
  "userType": "seller",
  "allowedRoles": [
    "admin",
    "super_admin"
  ]
}
[2026-04-28T09:58:24.380Z] Auth attempt: {
  "hasHeader": false,
  "cookieNames": [
    "token",
    "rzp_unified_session_id",
    "seller_token"
  ],
  "uniqueTokensFound": 2,
  "allowedRoles": []
}
[2026-04-28T09:58:24.395Z] Auth attempt: {
  "hasHeader": false,
  "cookieNames": [
    "token",
    "rzp_unified_session_id",
    "seller_token"
  ],
  "uniqueTokensFound": 2,
  "allowedRoles": []
}
[2026-04-28T09:58:24.438Z] Auth successful session found: {
  "user": {
    "id": "b017594a-241f-4fe4-abf4-5117f32025ee",
    "type": "seller",
    "email": "sanjayganesan016@gmail.com",
    "name": "Sanjay seller"
  }
}
[2026-04-28T09:58:24.460Z] Auth attempt: {
  "hasHeader": false,
  "cookieNames": [
    "token",
    "rzp_unified_session_id",
    "seller_token"
  ],
  "uniqueTokensFound": 2,
  "allowedRoles": []
}
[2026-04-28T09:58:24.465Z] Auth successful session found: {
  "user": {
    "id": "b017594a-241f-4fe4-abf4-5117f32025ee",
    "type": "seller",
    "email": "sanjayganesan016@gmail.com",
    "name": "Sanjay seller"
  }
}
[2026-04-28T09:58:24.510Z] Auth successful session found: {
  "user": {
    "id": "b017594a-241f-4fe4-abf4-5117f32025ee",
    "type": "seller",
    "email": "sanjayganesan016@gmail.com",
    "name": "Sanjay seller"
  }
}
[2026-04-28T09:58:24.536Z] Auth attempt: {
  "hasHeader": false,
  "cookieNames": [
    "token",
    "rzp_unified_session_id",
    "seller_token"
  ],
  "uniqueTokensFound": 2,
  "allowedRoles": []
}
[2026-04-28T09:58:24.540Z] Auth successful session found: {
  "user": {
    "id": "b017594a-241f-4fe4-abf4-5117f32025ee",
    "type": "seller",
    "email": "sanjayganesan016@gmail.com",
    "name": "Sanjay seller"
  }
}
[2026-04-28T09:58:24.547Z] Auth attempt: {
  "hasHeader": false,
  "cookieNames": [
    "token",
    "rzp_unified_session_id",
    "seller_token"
  ],
  "uniqueTokensFound": 2,
  "allowedRoles": []
}
[2026-04-28T09:58:24.551Z] Auth successful session found: {
  "user": {
    "id": "b017594a-241f-4fe4-abf4-5117f32025ee",
    "type": "seller",
    "email": "sanjayganesan016@gmail.com",
    "name": "Sanjay seller"
  }
}
[2026-04-28T09:58:24.570Z] Auth attempt: {
  "hasHeader": false,
  "cookieNames": [
    "token",
    "rzp_unified_session_id",
    "seller_token"
  ],
  "uniqueTokensFound": 2,
  "allowedRoles": []
}
[2026-04-28T09:58:24.578Z] Auth successful session found: {
  "user": {
    "id": "b017594a-241f-4fe4-abf4-5117f32025ee",
    "type": "seller",
    "email": "sanjayganesan016@gmail.com",
    "name": "Sanjay seller"
  }
}
[2026-04-28T09:58:31.860Z] Auth attempt: {
  "hasHeader": false,
  "cookieNames": [
    "token",
    "rzp_unified_session_id",
    "seller_token"
  ],
  "uniqueTokensFound": 2,
  "allowedRoles": []
}
[2026-04-28T09:58:31.879Z] Auth successful session found: {
  "user": {
    "id": "b017594a-241f-4fe4-abf4-5117f32025ee",
    "type": "seller",
    "email": "sanjayganesan016@gmail.com",
    "name": "Sanjay seller"
  }
}
[2026-04-28T09:58:31.889Z] Auth attempt: {
  "hasHeader": false,
  "cookieNames": [
    "token",
    "rzp_unified_session_id",
    "seller_token"
  ],
  "uniqueTokensFound": 2,
  "allowedRoles": []
}
[2026-04-28T09:58:31.896Z] Auth successful session found: {
  "user": {
    "id": "b017594a-241f-4fe4-abf4-5117f32025ee",
    "type": "seller",
    "email": "sanjayganesan016@gmail.com",
    "name": "Sanjay seller"
  }
}
[2026-04-28T09:58:33.289Z] Auth attempt: {
  "hasHeader": false,
  "cookieNames": [
    "token",
    "rzp_unified_session_id",
    "seller_token"
  ],
  "uniqueTokensFound": 2,
  "allowedRoles": []
}
[2026-04-28T09:58:33.294Z] Auth successful session found: {
  "user": {
    "id": "b017594a-241f-4fe4-abf4-5117f32025ee",
    "type": "seller",
    "email": "sanjayganesan016@gmail.com",
    "name": "Sanjay seller"
  }
}
[2026-04-28T09:58:33.301Z] Auth attempt: {
  "hasHeader": false,
  "cookieNames": [
    "token",
    "rzp_unified_session_id",
    "seller_token"
  ],
  "uniqueTokensFound": 2,
  "allowedRoles": []
}
[2026-04-28T09:58:33.308Z] Auth successful session found: {
  "user": {
    "id": "b017594a-241f-4fe4-abf4-5117f32025ee",
    "type": "seller",
    "email": "sanjayganesan016@gmail.com",
    "name": "Sanjay seller"
  }
}
[2026-04-28T09:58:54.390Z] Auth attempt: {
  "hasHeader": false,
  "cookieNames": [
    "token",
    "rzp_unified_session_id",
    "seller_token"
  ],
  "uniqueTokensFound": 2,
  "allowedRoles": []
}
[2026-04-28T09:58:54.404Z] Auth successful session found: {
  "user": {
    "id": "b017594a-241f-4fe4-abf4-5117f32025ee",
    "type": "seller",
    "email": "sanjayganesan016@gmail.com",
    "name": "Sanjay seller"
  }
}
[2026-04-28T09:59:24.399Z] Auth attempt: {
  "hasHeader": false,
  "cookieNames": [
    "token",
    "rzp_unified_session_id",
    "seller_token"
  ],
  "uniqueTokensFound": 2,
  "allowedRoles": []
}
[2026-04-28T09:59:24.637Z] Auth successful session found: {
  "user": {
    "id": "b017594a-241f-4fe4-abf4-5117f32025ee",
    "type": "seller",
    "email": "sanjayganesan016@gmail.com",
    "name": "Sanjay seller"
  }
}
[2026-04-28T09:59:54.378Z] Auth attempt: {
  "hasHeader": false,
  "cookieNames": [
    "token",
    "rzp_unified_session_id",
    "seller_token"
  ],
  "uniqueTokensFound": 2,
  "allowedRoles": []
}
[2026-04-28T09:59:54.444Z] Auth successful session found: {
  "user": {
    "id": "b017594a-241f-4fe4-abf4-5117f32025ee",
    "type": "seller",
    "email": "sanjayganesan016@gmail.com",
    "name": "Sanjay seller"
  }
}
[2026-04-28T10:00:25.344Z] Auth attempt: {
  "hasHeader": false,
  "cookieNames": [
    "token",
    "rzp_unified_session_id",
    "seller_token"
  ],
  "uniqueTokensFound": 2,
  "allowedRoles": []
}
[2026-04-28T10:00:25.401Z] Auth successful session found: {
  "user": {
    "id": "b017594a-241f-4fe4-abf4-5117f32025ee",
    "type": "seller",
    "email": "sanjayganesan016@gmail.com",
    "name": "Sanjay seller"
  }
}
[2026-04-28T10:00:55.340Z] Auth attempt: {
  "hasHeader": false,
  "cookieNames": [
    "token",
    "rzp_unified_session_id",
    "seller_token"
  ],
  "uniqueTokensFound": 2,
  "allowedRoles": []
}
[2026-04-28T10:00:55.385Z] Auth successful session found: {
  "user": {
    "id": "b017594a-241f-4fe4-abf4-5117f32025ee",
    "type": "seller",
    "email": "sanjayganesan016@gmail.com",
    "name": "Sanjay seller"
  }
}
[2026-04-28T10:01:25.338Z] Auth attempt: {
  "hasHeader": false,
  "cookieNames": [
    "token",
    "rzp_unified_session_id",
    "seller_token"
  ],
  "uniqueTokensFound": 2,
  "allowedRoles": []
}
[2026-04-28T10:01:25.392Z] Auth successful session found: {
  "user": {
    "id": "b017594a-241f-4fe4-abf4-5117f32025ee",
    "type": "seller",
    "email": "sanjayganesan016@gmail.com",
    "name": "Sanjay seller"
  }
}
[2026-04-28T10:01:50.616Z] Auth attempt: {
  "hasHeader": false,
  "cookieNames": [
    "token",
    "rzp_unified_session_id",
    "seller_token"
  ],
  "uniqueTokensFound": 2,
  "allowedRoles": [
    "admin",
    "super_admin"
  ]
}
[2026-04-28T10:01:50.619Z] Auth attempt: {
  "hasHeader": false,
  "cookieNames": [
    "token",
    "rzp_unified_session_id",
    "seller_token"
  ],
  "uniqueTokensFound": 2,
  "allowedRoles": [
    "admin",
    "super_admin"
  ]
}
[2026-04-28T10:01:50.634Z] Auth successful session found: {
  "user": {
    "id": "b017594a-241f-4fe4-abf4-5117f32025ee",
    "type": "seller",
    "email": "sanjayganesan016@gmail.com",
    "name": "Sanjay seller"
  }
}
[2026-04-28T10:01:50.640Z] Auth failed: Insufficient permissions: {
  "userType": "seller",
  "allowedRoles": [
    "admin",
    "super_admin"
  ]
}
[2026-04-28T10:01:50.654Z] Auth attempt: {
  "hasHeader": false,
  "cookieNames": [
    "token",
    "rzp_unified_session_id",
    "seller_token"
  ],
  "uniqueTokensFound": 2,
  "allowedRoles": [
    "admin",
    "super_admin"
  ]
}
[2026-04-28T10:01:50.657Z] Auth successful session found: {
  "user": {
    "id": "b017594a-241f-4fe4-abf4-5117f32025ee",
    "type": "seller",
    "email": "sanjayganesan016@gmail.com",
    "name": "Sanjay seller"
  }
}
[2026-04-28T10:01:50.659Z] Auth failed: Insufficient permissions: {
  "userType": "seller",
  "allowedRoles": [
    "admin",
    "super_admin"
  ]
}
[2026-04-28T10:01:50.686Z] Auth successful session found: {
  "user": {
    "id": "b017594a-241f-4fe4-abf4-5117f32025ee",
    "type": "seller",
    "email": "sanjayganesan016@gmail.com",
    "name": "Sanjay seller"
  }
}
[2026-04-28T10:01:50.687Z] Auth failed: Insufficient permissions: {
  "userType": "seller",
  "allowedRoles": [
    "admin",
    "super_admin"
  ]
}
[2026-04-28T10:01:50.691Z] Auth attempt: {
  "hasHeader": false,
  "cookieNames": [
    "token",
    "rzp_unified_session_id",
    "seller_token"
  ],
  "uniqueTokensFound": 2,
  "allowedRoles": [
    "admin",
    "super_admin"
  ]
}
[2026-04-28T10:01:50.695Z] Auth successful session found: {
  "user": {
    "id": "b017594a-241f-4fe4-abf4-5117f32025ee",
    "type": "seller",
    "email": "sanjayganesan016@gmail.com",
    "name": "Sanjay seller"
  }
}
[2026-04-28T10:01:50.696Z] Auth failed: Insufficient permissions: {
  "userType": "seller",
  "allowedRoles": [
    "admin",
    "super_admin"
  ]
}
[2026-04-28T10:01:53.080Z] Auth attempt: {
  "hasHeader": false,
  "cookieNames": [
    "token",
    "rzp_unified_session_id",
    "seller_token"
  ],
  "uniqueTokensFound": 2,
  "allowedRoles": [
    "admin",
    "super_admin"
  ]
}
[2026-04-28T10:01:53.089Z] Auth successful session found: {
  "user": {
    "id": "b017594a-241f-4fe4-abf4-5117f32025ee",
    "type": "seller",
    "email": "sanjayganesan016@gmail.com",
    "name": "Sanjay seller"
  }
}
[2026-04-28T10:01:53.091Z] Auth failed: Insufficient permissions: {
  "userType": "seller",
  "allowedRoles": [
    "admin",
    "super_admin"
  ]
}
[2026-04-28T10:01:53.098Z] Auth attempt: {
  "hasHeader": false,
  "cookieNames": [
    "token",
    "rzp_unified_session_id",
    "seller_token"
  ],
  "uniqueTokensFound": 2,
  "allowedRoles": [
    "admin",
    "super_admin"
  ]
}
[2026-04-28T10:01:53.107Z] Auth successful session found: {
  "user": {
    "id": "b017594a-241f-4fe4-abf4-5117f32025ee",
    "type": "seller",
    "email": "sanjayganesan016@gmail.com",
    "name": "Sanjay seller"
  }
}
[2026-04-28T10:01:53.108Z] Auth failed: Insufficient permissions: {
  "userType": "seller",
  "allowedRoles": [
    "admin",
    "super_admin"
  ]
}
[2026-04-28T10:02:33.120Z] Auth attempt: {
  "hasHeader": false,
  "cookieNames": [
    "token",
    "rzp_unified_session_id",
    "seller_token"
  ],
  "uniqueTokensFound": 2,
  "allowedRoles": [
    "admin",
    "super_admin"
  ]
}
[2026-04-28T10:02:33.243Z] Auth attempt: {
  "hasHeader": false,
  "cookieNames": [
    "token",
    "rzp_unified_session_id",
    "seller_token"
  ],
  "uniqueTokensFound": 2,
  "allowedRoles": [
    "admin",
    "super_admin"
  ]
}
[2026-04-28T10:02:33.260Z] Auth attempt: {
  "hasHeader": false,
  "cookieNames": [
    "token",
    "rzp_unified_session_id",
    "seller_token"
  ],
  "uniqueTokensFound": 2,
  "allowedRoles": []
}
[2026-04-28T10:02:33.275Z] Auth attempt: {
  "hasHeader": false,
  "cookieNames": [
    "token",
    "rzp_unified_session_id",
    "seller_token"
  ],
  "uniqueTokensFound": 2,
  "allowedRoles": []
}
[2026-04-28T10:02:33.280Z] Auth attempt: {
  "hasHeader": false,
  "cookieNames": [
    "token",
    "rzp_unified_session_id",
    "seller_token"
  ],
  "uniqueTokensFound": 2,
  "allowedRoles": [
    "admin",
    "super_admin"
  ]
}
[2026-04-28T10:02:33.290Z] Auth attempt: {
  "hasHeader": false,
  "cookieNames": [
    "token",
    "rzp_unified_session_id",
    "seller_token"
  ],
  "uniqueTokensFound": 2,
  "allowedRoles": [
    "admin",
    "super_admin"
  ]
}
[2026-04-28T10:02:33.471Z] Auth successful session found: {
  "user": {
    "id": "b017594a-241f-4fe4-abf4-5117f32025ee",
    "type": "seller",
    "email": "sanjayganesan016@gmail.com",
    "name": "Sanjay seller"
  }
}
[2026-04-28T10:02:33.501Z] Auth successful session found: {
  "user": {
    "id": "b017594a-241f-4fe4-abf4-5117f32025ee",
    "type": "seller",
    "email": "sanjayganesan016@gmail.com",
    "name": "Sanjay seller"
  }
}
[2026-04-28T10:02:33.502Z] Auth failed: Insufficient permissions: {
  "userType": "seller",
  "allowedRoles": [
    "admin",
    "super_admin"
  ]
}
[2026-04-28T10:02:33.511Z] Auth successful session found: {
  "user": {
    "id": "b017594a-241f-4fe4-abf4-5117f32025ee",
    "type": "seller",
    "email": "sanjayganesan016@gmail.com",
    "name": "Sanjay seller"
  }
}
[2026-04-28T10:02:33.513Z] Auth failed: Insufficient permissions: {
  "userType": "seller",
  "allowedRoles": [
    "admin",
    "super_admin"
  ]
}
[2026-04-28T10:02:33.533Z] Auth attempt: {
  "hasHeader": false,
  "cookieNames": [
    "token",
    "rzp_unified_session_id",
    "seller_token"
  ],
  "uniqueTokensFound": 2,
  "allowedRoles": []
}
[2026-04-28T10:02:33.545Z] Auth successful session found: {
  "user": {
    "id": "b017594a-241f-4fe4-abf4-5117f32025ee",
    "type": "seller",
    "email": "sanjayganesan016@gmail.com",
    "name": "Sanjay seller"
  }
}
[2026-04-28T10:02:33.547Z] Auth failed: Insufficient permissions: {
  "userType": "seller",
  "allowedRoles": [
    "admin",
    "super_admin"
  ]
}
[2026-04-28T10:02:33.555Z] Auth attempt: {
  "hasHeader": false,
  "cookieNames": [
    "token",
    "rzp_unified_session_id",
    "seller_token"
  ],
  "uniqueTokensFound": 2,
  "allowedRoles": []
}
[2026-04-28T10:02:33.559Z] Auth successful session found: {
  "user": {
    "id": "b017594a-241f-4fe4-abf4-5117f32025ee",
    "type": "seller",
    "email": "sanjayganesan016@gmail.com",
    "name": "Sanjay seller"
  }
}
[2026-04-28T10:02:33.564Z] Auth successful session found: {
  "user": {
    "id": "b017594a-241f-4fe4-abf4-5117f32025ee",
    "type": "seller",
    "email": "sanjayganesan016@gmail.com",
    "name": "Sanjay seller"
  }
}
[2026-04-28T10:02:33.571Z] Auth successful session found: {
  "user": {
    "id": "b017594a-241f-4fe4-abf4-5117f32025ee",
    "type": "seller",
    "email": "sanjayganesan016@gmail.com",
    "name": "Sanjay seller"
  }
}
[2026-04-28T10:02:33.574Z] Auth failed: Insufficient permissions: {
  "userType": "seller",
  "allowedRoles": [
    "admin",
    "super_admin"
  ]
}
[2026-04-28T10:02:33.581Z] Auth successful session found: {
  "user": {
    "id": "b017594a-241f-4fe4-abf4-5117f32025ee",
    "type": "seller",
    "email": "sanjayganesan016@gmail.com",
    "name": "Sanjay seller"
  }
}
[2026-04-28T10:06:58.241Z] Auth attempt: {
  "hasHeader": false,
  "cookieNames": [
    "token",
    "rzp_unified_session_id",
    "seller_token"
  ],
  "uniqueTokensFound": 2,
  "allowedRoles": [
    "admin",
    "super_admin"
  ]
}
[2026-04-28T10:06:58.288Z] Auth attempt: {
  "hasHeader": false,
  "cookieNames": [
    "token",
    "rzp_unified_session_id",
    "seller_token"
  ],
  "uniqueTokensFound": 2,
  "allowedRoles": [
    "admin",
    "super_admin"
  ]
}
[2026-04-28T10:06:58.294Z] Auth attempt: {
  "hasHeader": false,
  "cookieNames": [
    "token",
    "rzp_unified_session_id",
    "seller_token"
  ],
  "uniqueTokensFound": 2,
  "allowedRoles": []
}
[2026-04-28T10:06:58.304Z] Auth attempt: {
  "hasHeader": false,
  "cookieNames": [
    "token",
    "rzp_unified_session_id",
    "seller_token"
  ],
  "uniqueTokensFound": 2,
  "allowedRoles": []
}
[2026-04-28T10:06:58.311Z] Auth successful session found: {
  "user": {
    "id": "b017594a-241f-4fe4-abf4-5117f32025ee",
    "type": "seller",
    "email": "sanjayganesan016@gmail.com",
    "name": "Sanjay seller"
  }
}
[2026-04-28T10:06:58.315Z] Auth failed: Insufficient permissions: {
  "userType": "seller",
  "allowedRoles": [
    "admin",
    "super_admin"
  ]
}
[2026-04-28T10:06:58.339Z] Auth attempt: {
  "hasHeader": false,
  "cookieNames": [
    "token",
    "rzp_unified_session_id",
    "seller_token"
  ],
  "uniqueTokensFound": 2,
  "allowedRoles": [
    "admin",
    "super_admin"
  ]
}
[2026-04-28T10:06:58.351Z] Auth successful session found: {
  "user": {
    "id": "b017594a-241f-4fe4-abf4-5117f32025ee",
    "type": "seller",
    "email": "sanjayganesan016@gmail.com",
    "name": "Sanjay seller"
  }
}
[2026-04-28T10:06:58.352Z] Auth failed: Insufficient permissions: {
  "userType": "seller",
  "allowedRoles": [
    "admin",
    "super_admin"
  ]
}
[2026-04-28T10:06:58.436Z] Auth successful session found: {
  "user": {
    "id": "b017594a-241f-4fe4-abf4-5117f32025ee",
    "type": "seller",
    "email": "sanjayganesan016@gmail.com",
    "name": "Sanjay seller"
  }
}
[2026-04-28T10:06:58.443Z] Auth successful session found: {
  "user": {
    "id": "b017594a-241f-4fe4-abf4-5117f32025ee",
    "type": "seller",
    "email": "sanjayganesan016@gmail.com",
    "name": "Sanjay seller"
  }
}
[2026-04-28T10:06:58.445Z] Auth successful session found: {
  "user": {
    "id": "b017594a-241f-4fe4-abf4-5117f32025ee",
    "type": "seller",
    "email": "sanjayganesan016@gmail.com",
    "name": "Sanjay seller"
  }
}
[2026-04-28T10:06:58.446Z] Auth failed: Insufficient permissions: {
  "userType": "seller",
  "allowedRoles": [
    "admin",
    "super_admin"
  ]
}
[2026-04-28T10:06:58.451Z] Auth attempt: {
  "hasHeader": false,
  "cookieNames": [
    "token",
    "rzp_unified_session_id",
    "seller_token"
  ],
  "uniqueTokensFound": 2,
  "allowedRoles": [
    "admin",
    "super_admin"
  ]
}
[2026-04-28T10:06:58.459Z] Auth successful session found: {
  "user": {
    "id": "b017594a-241f-4fe4-abf4-5117f32025ee",
    "type": "seller",
    "email": "sanjayganesan016@gmail.com",
    "name": "Sanjay seller"
  }
}
[2026-04-28T10:06:58.460Z] Auth failed: Insufficient permissions: {
  "userType": "seller",
  "allowedRoles": [
    "admin",
    "super_admin"
  ]
}
[2026-04-28T10:06:58.466Z] Auth attempt: {
  "hasHeader": false,
  "cookieNames": [
    "token",
    "rzp_unified_session_id",
    "seller_token"
  ],
  "uniqueTokensFound": 2,
  "allowedRoles": []
}
[2026-04-28T10:06:58.472Z] Auth successful session found: {
  "user": {
    "id": "b017594a-241f-4fe4-abf4-5117f32025ee",
    "type": "seller",
    "email": "sanjayganesan016@gmail.com",
    "name": "Sanjay seller"
  }
}
[2026-04-28T10:06:58.475Z] Auth attempt: {
  "hasHeader": false,
  "cookieNames": [
    "token",
    "rzp_unified_session_id",
    "seller_token"
  ],
  "uniqueTokensFound": 2,
  "allowedRoles": []
}
[2026-04-28T10:06:58.721Z] Auth successful session found: {
  "user": {
    "id": "b017594a-241f-4fe4-abf4-5117f32025ee",
    "type": "seller",
    "email": "sanjayganesan016@gmail.com",
    "name": "Sanjay seller"
  }
}
[2026-04-28T10:12:34.706Z] Auth attempt: {
  "hasHeader": false,
  "cookieNames": [
    "token",
    "rzp_unified_session_id",
    "seller_token"
  ],
  "uniqueTokensFound": 2,
  "allowedRoles": [
    "admin",
    "super_admin"
  ]
}
[2026-04-28T10:12:34.715Z] Auth attempt: {
  "hasHeader": false,
  "cookieNames": [
    "token",
    "rzp_unified_session_id",
    "seller_token"
  ],
  "uniqueTokensFound": 2,
  "allowedRoles": [
    "admin",
    "super_admin"
  ]
}
[2026-04-28T10:12:34.722Z] Auth attempt: {
  "hasHeader": false,
  "cookieNames": [
    "token",
    "rzp_unified_session_id",
    "seller_token"
  ],
  "uniqueTokensFound": 2,
  "allowedRoles": [
    "admin",
    "super_admin"
  ]
}
[2026-04-28T10:12:34.729Z] Auth attempt: {
  "hasHeader": false,
  "cookieNames": [
    "token",
    "rzp_unified_session_id",
    "seller_token"
  ],
  "uniqueTokensFound": 2,
  "allowedRoles": [
    "admin",
    "super_admin"
  ]
}
[2026-04-28T10:12:34.739Z] Auth successful session found: {
  "user": {
    "id": "b017594a-241f-4fe4-abf4-5117f32025ee",
    "type": "seller",
    "email": "sanjayganesan016@gmail.com",
    "name": "Sanjay seller"
  }
}
[2026-04-28T10:12:34.740Z] Auth failed: Insufficient permissions: {
  "userType": "seller",
  "allowedRoles": [
    "admin",
    "super_admin"
  ]
}
[2026-04-28T10:12:34.807Z] Auth successful session found: {
  "user": {
    "id": "b017594a-241f-4fe4-abf4-5117f32025ee",
    "type": "seller",
    "email": "sanjayganesan016@gmail.com",
    "name": "Sanjay seller"
  }
}
[2026-04-28T10:12:34.808Z] Auth failed: Insufficient permissions: {
  "userType": "seller",
  "allowedRoles": [
    "admin",
    "super_admin"
  ]
}
[2026-04-28T10:12:34.812Z] Auth successful session found: {
  "user": {
    "id": "b017594a-241f-4fe4-abf4-5117f32025ee",
    "type": "seller",
    "email": "sanjayganesan016@gmail.com",
    "name": "Sanjay seller"
  }
}
[2026-04-28T10:12:34.813Z] Auth failed: Insufficient permissions: {
  "userType": "seller",
  "allowedRoles": [
    "admin",
    "super_admin"
  ]
}
[2026-04-28T10:12:34.826Z] Auth successful session found: {
  "user": {
    "id": "b017594a-241f-4fe4-abf4-5117f32025ee",
    "type": "seller",
    "email": "sanjayganesan016@gmail.com",
    "name": "Sanjay seller"
  }
}
[2026-04-28T10:12:34.827Z] Auth failed: Insufficient permissions: {
  "userType": "seller",
  "allowedRoles": [
    "admin",
    "super_admin"
  ]
}
[2026-04-28T10:12:40.745Z] Auth attempt: {
  "hasHeader": false,
  "cookieNames": [
    "token",
    "rzp_unified_session_id",
    "seller_token"
  ],
  "uniqueTokensFound": 2,
  "allowedRoles": [
    "admin",
    "super_admin"
  ]
}
[2026-04-28T10:12:40.750Z] Auth attempt: {
  "hasHeader": false,
  "cookieNames": [
    "token",
    "rzp_unified_session_id",
    "seller_token"
  ],
  "uniqueTokensFound": 2,
  "allowedRoles": [
    "admin",
    "super_admin"
  ]
}
[2026-04-28T10:12:40.753Z] Auth successful session found: {
  "user": {
    "id": "b017594a-241f-4fe4-abf4-5117f32025ee",
    "type": "seller",
    "email": "sanjayganesan016@gmail.com",
    "name": "Sanjay seller"
  }
}
[2026-04-28T10:12:40.754Z] Auth failed: Insufficient permissions: {
  "userType": "seller",
  "allowedRoles": [
    "admin",
    "super_admin"
  ]
}
[2026-04-28T10:12:40.766Z] Auth successful session found: {
  "user": {
    "id": "b017594a-241f-4fe4-abf4-5117f32025ee",
    "type": "seller",
    "email": "sanjayganesan016@gmail.com",
    "name": "Sanjay seller"
  }
}
[2026-04-28T10:12:40.768Z] Auth failed: Insufficient permissions: {
  "userType": "seller",
  "allowedRoles": [
    "admin",
    "super_admin"
  ]
}
[2026-04-28T10:12:46.438Z] Auth attempt: {
  "hasHeader": false,
  "cookieNames": [
    "token",
    "rzp_unified_session_id",
    "seller_token"
  ],
  "uniqueTokensFound": 2,
  "allowedRoles": [
    "admin",
    "super_admin"
  ]
}
[2026-04-28T10:12:46.455Z] Auth attempt: {
  "hasHeader": false,
  "cookieNames": [
    "token",
    "rzp_unified_session_id",
    "seller_token"
  ],
  "uniqueTokensFound": 2,
  "allowedRoles": [
    "admin",
    "super_admin"
  ]
}
[2026-04-28T10:12:46.465Z] Auth attempt: {
  "hasHeader": false,
  "cookieNames": [
    "token",
    "rzp_unified_session_id",
    "seller_token"
  ],
  "uniqueTokensFound": 2,
  "allowedRoles": []
}
[2026-04-28T10:12:46.471Z] Auth attempt: {
  "hasHeader": false,
  "cookieNames": [
    "token",
    "rzp_unified_session_id",
    "seller_token"
  ],
  "uniqueTokensFound": 2,
  "allowedRoles": []
}
[2026-04-28T10:12:46.480Z] Auth attempt: {
  "hasHeader": false,
  "cookieNames": [
    "token",
    "rzp_unified_session_id",
    "seller_token"
  ],
  "uniqueTokensFound": 2,
  "allowedRoles": [
    "admin",
    "super_admin"
  ]
}
[2026-04-28T10:12:46.498Z] Auth successful session found: {
  "user": {
    "id": "b017594a-241f-4fe4-abf4-5117f32025ee",
    "type": "seller",
    "email": "sanjayganesan016@gmail.com",
    "name": "Sanjay seller"
  }
}
[2026-04-28T10:12:46.504Z] Auth failed: Insufficient permissions: {
  "userType": "seller",
  "allowedRoles": [
    "admin",
    "super_admin"
  ]
}
[2026-04-28T10:12:46.544Z] Auth successful session found: {
  "user": {
    "id": "b017594a-241f-4fe4-abf4-5117f32025ee",
    "type": "seller",
    "email": "sanjayganesan016@gmail.com",
    "name": "Sanjay seller"
  }
}
[2026-04-28T10:12:46.547Z] Auth failed: Insufficient permissions: {
  "userType": "seller",
  "allowedRoles": [
    "admin",
    "super_admin"
  ]
}
[2026-04-28T10:12:46.577Z] Auth attempt: {
  "hasHeader": false,
  "cookieNames": [
    "token",
    "rzp_unified_session_id",
    "seller_token"
  ],
  "uniqueTokensFound": 2,
  "allowedRoles": [
    "admin",
    "super_admin"
  ]
}
[2026-04-28T10:12:46.581Z] Auth attempt: {
  "hasHeader": false,
  "cookieNames": [
    "token",
    "rzp_unified_session_id",
    "seller_token"
  ],
  "uniqueTokensFound": 2,
  "allowedRoles": []
}
[2026-04-28T10:12:46.589Z] Auth successful session found: {
  "user": {
    "id": "b017594a-241f-4fe4-abf4-5117f32025ee",
    "type": "seller",
    "email": "sanjayganesan016@gmail.com",
    "name": "Sanjay seller"
  }
}
[2026-04-28T10:12:46.590Z] Auth failed: Insufficient permissions: {
  "userType": "seller",
  "allowedRoles": [
    "admin",
    "super_admin"
  ]
}
[2026-04-28T10:12:46.613Z] Auth attempt: {
  "hasHeader": false,
  "cookieNames": [
    "token",
    "rzp_unified_session_id",
    "seller_token"
  ],
  "uniqueTokensFound": 2,
  "allowedRoles": []
}
[2026-04-28T10:12:46.617Z] Auth successful session found: {
  "user": {
    "id": "b017594a-241f-4fe4-abf4-5117f32025ee",
    "type": "seller",
    "email": "sanjayganesan016@gmail.com",
    "name": "Sanjay seller"
  }
}
[2026-04-28T10:12:46.747Z] Auth successful session found: {
  "user": {
    "id": "b017594a-241f-4fe4-abf4-5117f32025ee",
    "type": "seller",
    "email": "sanjayganesan016@gmail.com",
    "name": "Sanjay seller"
  }
}
[2026-04-28T10:12:47.725Z] Auth successful session found: {
  "user": {
    "id": "b017594a-241f-4fe4-abf4-5117f32025ee",
    "type": "seller",
    "email": "sanjayganesan016@gmail.com",
    "name": "Sanjay seller"
  }
}
[2026-04-28T10:12:47.743Z] Auth successful session found: {
  "user": {
    "id": "b017594a-241f-4fe4-abf4-5117f32025ee",
    "type": "seller",
    "email": "sanjayganesan016@gmail.com",
    "name": "Sanjay seller"
  }
}
[2026-04-28T10:12:47.750Z] Auth successful session found: {
  "user": {
    "id": "b017594a-241f-4fe4-abf4-5117f32025ee",
    "type": "seller",
    "email": "sanjayganesan016@gmail.com",
    "name": "Sanjay seller"
  }
}
[2026-04-28T10:12:47.764Z] Auth failed: Insufficient permissions: {
  "userType": "seller",
  "allowedRoles": [
    "admin",
    "super_admin"
  ]
}
[2026-04-28T10:14:41.986Z] Auth attempt: {
  "hasHeader": true,
  "cookieNames": [
    "token",
    "rzp_unified_session_id",
    "seller_token"
  ],
  "uniqueTokensFound": 3,
  "allowedRoles": []
}
[2026-04-28T10:14:42.000Z] Auth attempt: {
  "hasHeader": true,
  "cookieNames": [
    "token",
    "rzp_unified_session_id",
    "seller_token"
  ],
  "uniqueTokensFound": 3,
  "allowedRoles": []
}
[2026-04-28T10:14:42.161Z] Auth successful session found: {
  "user": {
    "id": "b017594a-241f-4fe4-abf4-5117f32025ee",
    "type": "seller",
    "email": "sanjayganesan016@gmail.com",
    "name": "Sanjay seller"
  }
}
[2026-04-28T10:14:42.164Z] Auth successful session found: {
  "user": {
    "id": "b017594a-241f-4fe4-abf4-5117f32025ee",
    "type": "seller",
    "email": "sanjayganesan016@gmail.com",
    "name": "Sanjay seller"
  }
}
[2026-04-28T10:15:58.851Z] Auth attempt: {
  "hasHeader": true,
  "cookieNames": [
    "token",
    "rzp_unified_session_id",
    "seller_token"
  ],
  "uniqueTokensFound": 3,
  "allowedRoles": [
    "admin",
    "super_admin"
  ]
}
[2026-04-28T10:15:58.859Z] Auth attempt: {
  "hasHeader": true,
  "cookieNames": [
    "token",
    "rzp_unified_session_id",
    "seller_token"
  ],
  "uniqueTokensFound": 3,
  "allowedRoles": [
    "admin",
    "super_admin"
  ]
}
[2026-04-28T10:15:58.931Z] Auth attempt: {
  "hasHeader": true,
  "cookieNames": [
    "token",
    "rzp_unified_session_id",
    "seller_token"
  ],
  "uniqueTokensFound": 3,
  "allowedRoles": [
    "admin",
    "super_admin"
  ]
}
[2026-04-28T10:15:58.952Z] Auth attempt: {
  "hasHeader": true,
  "cookieNames": [
    "token",
    "rzp_unified_session_id",
    "seller_token"
  ],
  "uniqueTokensFound": 3,
  "allowedRoles": [
    "admin",
    "super_admin"
  ]
}
[2026-04-28T10:15:58.958Z] Auth successful session found: {
  "user": {
    "id": "97f114e5-f5c8-4b5d-b6ff-f4700ab1c54e",
    "type": "admin",
    "email": "sanjaygmd01@gmail.com",
    "name": "Sanjay GMD"
  }
}
[2026-04-28T10:15:59.083Z] Auth successful session found: {
  "user": {
    "id": "97f114e5-f5c8-4b5d-b6ff-f4700ab1c54e",
    "type": "admin",
    "email": "sanjaygmd01@gmail.com",
    "name": "Sanjay GMD"
  }
}
[2026-04-28T10:15:59.086Z] Auth successful session found: {
  "user": {
    "id": "97f114e5-f5c8-4b5d-b6ff-f4700ab1c54e",
    "type": "admin",
    "email": "sanjaygmd01@gmail.com",
    "name": "Sanjay GMD"
  }
}
[2026-04-28T10:15:59.093Z] Auth successful session found: {
  "user": {
    "id": "97f114e5-f5c8-4b5d-b6ff-f4700ab1c54e",
    "type": "admin",
    "email": "sanjaygmd01@gmail.com",
    "name": "Sanjay GMD"
  }
}
[2026-04-28T10:16:04.946Z] Auth attempt: {
  "hasHeader": true,
  "cookieNames": [
    "token",
    "rzp_unified_session_id",
    "seller_token"
  ],
  "uniqueTokensFound": 3,
  "allowedRoles": [
    "admin",
    "super_admin"
  ]
}
[2026-04-28T10:16:04.951Z] Auth attempt: {
  "hasHeader": true,
  "cookieNames": [
    "token",
    "rzp_unified_session_id",
    "seller_token"
  ],
  "uniqueTokensFound": 3,
  "allowedRoles": [
    "admin",
    "super_admin"
  ]
}
[2026-04-28T10:16:04.954Z] Auth successful session found: {
  "user": {
    "id": "97f114e5-f5c8-4b5d-b6ff-f4700ab1c54e",
    "type": "admin",
    "email": "sanjaygmd01@gmail.com",
    "name": "Sanjay GMD"
  }
}
[2026-04-28T10:16:04.958Z] Auth successful session found: {
  "user": {
    "id": "97f114e5-f5c8-4b5d-b6ff-f4700ab1c54e",
    "type": "admin",
    "email": "sanjaygmd01@gmail.com",
    "name": "Sanjay GMD"
  }
}
[2026-04-28T10:16:24.136Z] Auth attempt: {
  "hasHeader": true,
  "cookieNames": [
    "token",
    "rzp_unified_session_id",
    "seller_token"
  ],
  "uniqueTokensFound": 3,
  "allowedRoles": []
}
[2026-04-28T10:16:24.210Z] Auth successful session found: {
  "user": {
    "id": "b017594a-241f-4fe4-abf4-5117f32025ee",
    "type": "seller",
    "email": "sanjayganesan016@gmail.com",
    "name": "Sanjay seller"
  }
}
[2026-04-28T10:16:34.337Z] Auth attempt: {
  "hasHeader": true,
  "cookieNames": [
    "token",
    "rzp_unified_session_id",
    "seller_token"
  ],
  "uniqueTokensFound": 3,
  "allowedRoles": [
    "admin",
    "super_admin"
  ]
}
[2026-04-28T10:16:34.447Z] Auth successful session found: {
  "user": {
    "id": "97f114e5-f5c8-4b5d-b6ff-f4700ab1c54e",
    "type": "admin",
    "email": "sanjaygmd01@gmail.com",
    "name": "Sanjay GMD"
  }
}
[2026-04-28T10:16:34.543Z] Auth attempt: {
  "hasHeader": true,
  "cookieNames": [
    "token",
    "rzp_unified_session_id",
    "seller_token"
  ],
  "uniqueTokensFound": 3,
  "allowedRoles": [
    "admin",
    "super_admin"
  ]
}
[2026-04-28T10:16:34.551Z] Auth successful session found: {
  "user": {
    "id": "97f114e5-f5c8-4b5d-b6ff-f4700ab1c54e",
    "type": "admin",
    "email": "sanjaygmd01@gmail.com",
    "name": "Sanjay GMD"
  }
}
[2026-04-28T10:16:35.498Z] Auth attempt: {
  "hasHeader": true,
  "cookieNames": [
    "token",
    "rzp_unified_session_id",
    "seller_token"
  ],
  "uniqueTokensFound": 3,
  "allowedRoles": [
    "admin",
    "super_admin"
  ]
}
[2026-04-28T10:16:35.513Z] Auth successful session found: {
  "user": {
    "id": "97f114e5-f5c8-4b5d-b6ff-f4700ab1c54e",
    "type": "admin",
    "email": "sanjaygmd01@gmail.com",
    "name": "Sanjay GMD"
  }
}
[2026-04-28T10:16:35.525Z] Auth attempt: {
  "hasHeader": true,
  "cookieNames": [
    "token",
    "rzp_unified_session_id",
    "seller_token"
  ],
  "uniqueTokensFound": 3,
  "allowedRoles": [
    "admin",
    "super_admin"
  ]
}
[2026-04-28T10:16:35.531Z] Auth successful session found: {
  "user": {
    "id": "97f114e5-f5c8-4b5d-b6ff-f4700ab1c54e",
    "type": "admin",
    "email": "sanjaygmd01@gmail.com",
    "name": "Sanjay GMD"
  }
}
[2026-04-28T10:16:36.597Z] Auth attempt: {
  "hasHeader": true,
  "cookieNames": [
    "token",
    "rzp_unified_session_id",
    "seller_token"
  ],
  "uniqueTokensFound": 3,
  "allowedRoles": [
    "admin",
    "super_admin"
  ]
}
[2026-04-28T10:16:36.603Z] Auth successful session found: {
  "user": {
    "id": "97f114e5-f5c8-4b5d-b6ff-f4700ab1c54e",
    "type": "admin",
    "email": "sanjaygmd01@gmail.com",
    "name": "Sanjay GMD"
  }
}
[2026-04-28T10:16:36.618Z] Auth attempt: {
  "hasHeader": true,
  "cookieNames": [
    "token",
    "rzp_unified_session_id",
    "seller_token"
  ],
  "uniqueTokensFound": 3,
  "allowedRoles": [
    "admin",
    "super_admin"
  ]
}
[2026-04-28T10:16:36.627Z] Auth successful session found: {
  "user": {
    "id": "97f114e5-f5c8-4b5d-b6ff-f4700ab1c54e",
    "type": "admin",
    "email": "sanjaygmd01@gmail.com",
    "name": "Sanjay GMD"
  }
}
[2026-04-28T10:16:37.648Z] Auth attempt: {
  "hasHeader": true,
  "cookieNames": [
    "token",
    "rzp_unified_session_id",
    "seller_token"
  ],
  "uniqueTokensFound": 3,
  "allowedRoles": [
    "admin",
    "super_admin"
  ]
}
[2026-04-28T10:16:37.653Z] Auth successful session found: {
  "user": {
    "id": "97f114e5-f5c8-4b5d-b6ff-f4700ab1c54e",
    "type": "admin",
    "email": "sanjaygmd01@gmail.com",
    "name": "Sanjay GMD"
  }
}
[2026-04-28T10:16:37.669Z] Auth attempt: {
  "hasHeader": true,
  "cookieNames": [
    "token",
    "rzp_unified_session_id",
    "seller_token"
  ],
  "uniqueTokensFound": 3,
  "allowedRoles": [
    "admin",
    "super_admin"
  ]
}
[2026-04-28T10:16:37.677Z] Auth successful session found: {
  "user": {
    "id": "97f114e5-f5c8-4b5d-b6ff-f4700ab1c54e",
    "type": "admin",
    "email": "sanjaygmd01@gmail.com",
    "name": "Sanjay GMD"
  }
}
[2026-04-28T10:16:44.030Z] Auth attempt: {
  "hasHeader": true,
  "cookieNames": [
    "token",
    "rzp_unified_session_id",
    "seller_token"
  ],
  "uniqueTokensFound": 3,
  "allowedRoles": [
    "admin",
    "super_admin"
  ]
}
[2026-04-28T10:16:44.050Z] Auth successful session found: {
  "user": {
    "id": "97f114e5-f5c8-4b5d-b6ff-f4700ab1c54e",
    "type": "admin",
    "email": "sanjaygmd01@gmail.com",
    "name": "Sanjay GMD"
  }
}
[2026-04-28T10:16:44.373Z] Auth attempt: {
  "hasHeader": true,
  "cookieNames": [
    "token",
    "rzp_unified_session_id",
    "seller_token"
  ],
  "uniqueTokensFound": 3,
  "allowedRoles": [
    "admin",
    "super_admin"
  ]
}
[2026-04-28T10:16:44.380Z] Auth successful session found: {
  "user": {
    "id": "97f114e5-f5c8-4b5d-b6ff-f4700ab1c54e",
    "type": "admin",
    "email": "sanjaygmd01@gmail.com",
    "name": "Sanjay GMD"
  }
}
[2026-04-28T10:16:50.461Z] Auth attempt: {
  "hasHeader": true,
  "cookieNames": [
    "token",
    "rzp_unified_session_id",
    "seller_token"
  ],
  "uniqueTokensFound": 3,
  "allowedRoles": [
    "admin",
    "super_admin"
  ]
}
[2026-04-28T10:16:50.467Z] Auth successful session found: {
  "user": {
    "id": "97f114e5-f5c8-4b5d-b6ff-f4700ab1c54e",
    "type": "admin",
    "email": "sanjaygmd01@gmail.com",
    "name": "Sanjay GMD"
  }
}
[2026-04-28T10:16:50.490Z] Auth attempt: {
  "hasHeader": true,
  "cookieNames": [
    "token",
    "rzp_unified_session_id",
    "seller_token"
  ],
  "uniqueTokensFound": 3,
  "allowedRoles": [
    "admin",
    "super_admin"
  ]
}
[2026-04-28T10:16:50.498Z] Auth successful session found: {
  "user": {
    "id": "97f114e5-f5c8-4b5d-b6ff-f4700ab1c54e",
    "type": "admin",
    "email": "sanjaygmd01@gmail.com",
    "name": "Sanjay GMD"
  }
}
[2026-04-28T10:17:38.316Z] Auth attempt: {
  "hasHeader": true,
  "cookieNames": [
    "token",
    "rzp_unified_session_id",
    "seller_token"
  ],
  "uniqueTokensFound": 3,
  "allowedRoles": [
    "admin",
    "super_admin"
  ]
}
[2026-04-28T10:17:38.411Z] Auth successful session found: {
  "user": {
    "id": "97f114e5-f5c8-4b5d-b6ff-f4700ab1c54e",
    "type": "admin",
    "email": "sanjaygmd01@gmail.com",
    "name": "Sanjay GMD"
  }
}
[2026-04-28T10:17:38.465Z] Auth attempt: {
  "hasHeader": true,
  "cookieNames": [
    "token",
    "rzp_unified_session_id",
    "seller_token"
  ],
  "uniqueTokensFound": 3,
  "allowedRoles": [
    "admin",
    "super_admin"
  ]
}
[2026-04-28T10:17:38.472Z] Auth successful session found: {
  "user": {
    "id": "97f114e5-f5c8-4b5d-b6ff-f4700ab1c54e",
    "type": "admin",
    "email": "sanjaygmd01@gmail.com",
    "name": "Sanjay GMD"
  }
}
[2026-04-28T10:17:42.345Z] Auth attempt: {
  "hasHeader": true,
  "cookieNames": [
    "token",
    "rzp_unified_session_id",
    "seller_token"
  ],
  "uniqueTokensFound": 3,
  "allowedRoles": [
    "admin",
    "super_admin"
  ]
}
[2026-04-28T10:17:42.353Z] Auth successful session found: {
  "user": {
    "id": "97f114e5-f5c8-4b5d-b6ff-f4700ab1c54e",
    "type": "admin",
    "email": "sanjaygmd01@gmail.com",
    "name": "Sanjay GMD"
  }
}
[2026-04-28T10:17:42.425Z] Auth attempt: {
  "hasHeader": true,
  "cookieNames": [
    "token",
    "rzp_unified_session_id",
    "seller_token"
  ],
  "uniqueTokensFound": 3,
  "allowedRoles": [
    "admin",
    "super_admin"
  ]
}
[2026-04-28T10:17:42.435Z] Auth successful session found: {
  "user": {
    "id": "97f114e5-f5c8-4b5d-b6ff-f4700ab1c54e",
    "type": "admin",
    "email": "sanjaygmd01@gmail.com",
    "name": "Sanjay GMD"
  }
}
[2026-04-28T10:18:08.420Z] Auth attempt: {
  "hasHeader": true,
  "cookieNames": [
    "rzp_unified_session_id",
    "seller_token",
    "customer_token"
  ],
  "uniqueTokensFound": 3,
  "allowedRoles": []
}
[2026-04-28T10:18:08.434Z] Auth successful session found: {
  "user": {
    "id": "b017594a-241f-4fe4-abf4-5117f32025ee",
    "type": "seller",
    "email": "sanjayganesan016@gmail.com",
    "name": "Sanjay seller"
  }
}
[2026-04-28T10:18:08.447Z] Auth attempt: {
  "hasHeader": true,
  "cookieNames": [
    "rzp_unified_session_id",
    "seller_token",
    "customer_token"
  ],
  "uniqueTokensFound": 3,
  "allowedRoles": []
}
[2026-04-28T10:18:08.454Z] Auth successful session found: {
  "user": {
    "id": "b017594a-241f-4fe4-abf4-5117f32025ee",
    "type": "seller",
    "email": "sanjayganesan016@gmail.com",
    "name": "Sanjay seller"
  }
}
[2026-04-28T10:18:12.898Z] Auth attempt: {
  "hasHeader": true,
  "cookieNames": [
    "rzp_unified_session_id",
    "seller_token",
    "customer_token"
  ],
  "uniqueTokensFound": 3,
  "allowedRoles": []
}
[2026-04-28T10:18:12.905Z] Auth successful session found: {
  "user": {
    "id": "b017594a-241f-4fe4-abf4-5117f32025ee",
    "type": "seller",
    "email": "sanjayganesan016@gmail.com",
    "name": "Sanjay seller"
  }
}
[2026-04-28T10:18:12.915Z] Auth attempt: {
  "hasHeader": true,
  "cookieNames": [
    "rzp_unified_session_id",
    "seller_token",
    "customer_token"
  ],
  "uniqueTokensFound": 3,
  "allowedRoles": []
}
[2026-04-28T10:18:12.927Z] Auth successful session found: {
  "user": {
    "id": "b017594a-241f-4fe4-abf4-5117f32025ee",
    "type": "seller",
    "email": "sanjayganesan016@gmail.com",
    "name": "Sanjay seller"
  }
}
[2026-04-28T10:18:13.155Z] Auth attempt: {
  "hasHeader": true,
  "cookieNames": [
    "rzp_unified_session_id",
    "seller_token",
    "customer_token"
  ],
  "uniqueTokensFound": 3,
  "allowedRoles": []
}
[2026-04-28T10:18:13.164Z] Auth successful session found: {
  "user": {
    "id": "b017594a-241f-4fe4-abf4-5117f32025ee",
    "type": "seller",
    "email": "sanjayganesan016@gmail.com",
    "name": "Sanjay seller"
  }
}
[2026-04-28T10:18:16.622Z] Auth attempt: {
  "hasHeader": true,
  "cookieNames": [
    "rzp_unified_session_id",
    "seller_token",
    "customer_token"
  ],
  "uniqueTokensFound": 3,
  "allowedRoles": []
}
[2026-04-28T10:18:16.625Z] Auth attempt: {
  "hasHeader": true,
  "cookieNames": [
    "rzp_unified_session_id",
    "seller_token",
    "customer_token"
  ],
  "uniqueTokensFound": 3,
  "allowedRoles": []
}
[2026-04-28T10:18:16.630Z] Auth successful session found: {
  "user": {
    "id": "b017594a-241f-4fe4-abf4-5117f32025ee",
    "type": "seller",
    "email": "sanjayganesan016@gmail.com",
    "name": "Sanjay seller"
  }
}
[2026-04-28T10:18:16.661Z] Auth attempt: {
  "hasHeader": true,
  "cookieNames": [
    "rzp_unified_session_id",
    "seller_token",
    "customer_token"
  ],
  "uniqueTokensFound": 3,
  "allowedRoles": []
}
[2026-04-28T10:18:16.665Z] Auth successful session found: {
  "user": {
    "id": "b017594a-241f-4fe4-abf4-5117f32025ee",
    "type": "seller",
    "email": "sanjayganesan016@gmail.com",
    "name": "Sanjay seller"
  }
}
[2026-04-28T10:18:16.747Z] Auth successful session found: {
  "user": {
    "id": "b017594a-241f-4fe4-abf4-5117f32025ee",
    "type": "seller",
    "email": "sanjayganesan016@gmail.com",
    "name": "Sanjay seller"
  }
}
[2026-04-28T10:18:16.758Z] Auth attempt: {
  "hasHeader": true,
  "cookieNames": [
    "rzp_unified_session_id",
    "seller_token",
    "customer_token"
  ],
  "uniqueTokensFound": 3,
  "allowedRoles": []
}
[2026-04-28T10:18:16.764Z] Auth successful session found: {
  "user": {
    "id": "b017594a-241f-4fe4-abf4-5117f32025ee",
    "type": "seller",
    "email": "sanjayganesan016@gmail.com",
    "name": "Sanjay seller"
  }
}
[2026-04-28T10:18:25.396Z] Auth attempt: {
  "hasHeader": true,
  "cookieNames": [
    "rzp_unified_session_id",
    "seller_token",
    "customer_token"
  ],
  "uniqueTokensFound": 3,
  "allowedRoles": []
}
[2026-04-28T10:18:25.402Z] Auth successful session found: {
  "user": {
    "id": "b017594a-241f-4fe4-abf4-5117f32025ee",
    "type": "seller",
    "email": "sanjayganesan016@gmail.com",
    "name": "Sanjay seller"
  }
}
[2026-04-28T10:18:33.960Z] Auth attempt: {
  "hasHeader": true,
  "cookieNames": [
    "rzp_unified_session_id",
    "seller_token",
    "customer_token"
  ],
  "uniqueTokensFound": 3,
  "allowedRoles": []
}
[2026-04-28T10:18:33.968Z] Auth successful session found: {
  "user": {
    "id": "b017594a-241f-4fe4-abf4-5117f32025ee",
    "type": "seller",
    "email": "sanjayganesan016@gmail.com",
    "name": "Sanjay seller"
  }
}
[2026-04-28T10:18:38.624Z] Auth attempt: {
  "hasHeader": true,
  "cookieNames": [
    "rzp_unified_session_id",
    "seller_token",
    "customer_token"
  ],
  "uniqueTokensFound": 3,
  "allowedRoles": []
}
[2026-04-28T10:18:38.630Z] Auth successful session found: {
  "user": {
    "id": "b017594a-241f-4fe4-abf4-5117f32025ee",
    "type": "seller",
    "email": "sanjayganesan016@gmail.com",
    "name": "Sanjay seller"
  }
}
[2026-04-28T10:18:57.715Z] Auth attempt: {
  "hasHeader": true,
  "cookieNames": [
    "rzp_unified_session_id",
    "seller_token",
    "customer_token"
  ],
  "uniqueTokensFound": 3,
  "allowedRoles": []
}
[2026-04-28T10:18:57.862Z] Auth successful session found: {
  "user": {
    "id": "b017594a-241f-4fe4-abf4-5117f32025ee",
    "type": "seller",
    "email": "sanjayganesan016@gmail.com",
    "name": "Sanjay seller"
  }
}
[2026-04-28T10:19:17.348Z] Auth attempt: {
  "hasHeader": true,
  "cookieNames": [
    "rzp_unified_session_id",
    "seller_token",
    "customer_token"
  ],
  "uniqueTokensFound": 3,
  "allowedRoles": []
}
[2026-04-28T10:19:17.510Z] Auth successful session found: {
  "user": {
    "id": "b017594a-241f-4fe4-abf4-5117f32025ee",
    "type": "seller",
    "email": "sanjayganesan016@gmail.com",
    "name": "Sanjay seller"
  }
}
[2026-04-28T10:20:17.342Z] Auth attempt: {
  "hasHeader": true,
  "cookieNames": [
    "rzp_unified_session_id",
    "seller_token",
    "customer_token"
  ],
  "uniqueTokensFound": 3,
  "allowedRoles": []
}
[2026-04-28T10:20:17.492Z] Auth successful session found: {
  "user": {
    "id": "b017594a-241f-4fe4-abf4-5117f32025ee",
    "type": "seller",
    "email": "sanjayganesan016@gmail.com",
    "name": "Sanjay seller"
  }
}
[2026-04-28T10:20:38.422Z] Auth attempt: {
  "hasHeader": true,
  "cookieNames": [
    "rzp_unified_session_id",
    "seller_token",
    "customer_token"
  ],
  "uniqueTokensFound": 2,
  "allowedRoles": []
}
[2026-04-28T10:20:38.429Z] Auth attempt: {
  "hasHeader": true,
  "cookieNames": [
    "rzp_unified_session_id",
    "seller_token",
    "customer_token"
  ],
  "uniqueTokensFound": 2,
  "allowedRoles": []
}
[2026-04-28T10:20:38.525Z] Auth successful session found: {
  "user": {
    "id": "b017594a-241f-4fe4-abf4-5117f32025ee",
    "type": "seller",
    "email": "sanjayganesan016@gmail.com",
    "name": "Sanjay seller"
  }
}
[2026-04-28T10:20:38.527Z] Auth successful session found: {
  "user": {
    "id": "b017594a-241f-4fe4-abf4-5117f32025ee",
    "type": "seller",
    "email": "sanjayganesan016@gmail.com",
    "name": "Sanjay seller"
  }
}
[2026-04-28T10:21:17.372Z] Auth attempt: {
  "hasHeader": true,
  "cookieNames": [
    "rzp_unified_session_id",
    "seller_token",
    "customer_token"
  ],
  "uniqueTokensFound": 3,
  "allowedRoles": []
}
[2026-04-28T10:21:17.473Z] Auth successful session found: {
  "user": {
    "id": "b017594a-241f-4fe4-abf4-5117f32025ee",
    "type": "seller",
    "email": "sanjayganesan016@gmail.com",
    "name": "Sanjay seller"
  }
}
[2026-04-28T10:21:43.461Z] Auth attempt: {
  "hasHeader": true,
  "cookieNames": [
    "rzp_unified_session_id",
    "seller_token",
    "customer_token"
  ],
  "uniqueTokensFound": 2,
  "allowedRoles": [
    "customer"
  ]
}
[2026-04-28T10:21:43.682Z] Auth successful session found: {
  "user": {
    "id": "04f5f0e4-4311-4313-92b7-33fd0167a565",
    "type": "customer",
    "email": "ganeshsanjay8880@gmail.com",
    "name": "Sanjay"
  }
}
[2026-04-28T10:22:17.341Z] Auth attempt: {
  "hasHeader": true,
  "cookieNames": [
    "rzp_unified_session_id",
    "seller_token",
    "customer_token"
  ],
  "uniqueTokensFound": 3,
  "allowedRoles": []
}
[2026-04-28T10:22:17.440Z] Auth successful session found: {
  "user": {
    "id": "b017594a-241f-4fe4-abf4-5117f32025ee",
    "type": "seller",
    "email": "sanjayganesan016@gmail.com",
    "name": "Sanjay seller"
  }
}
[2026-04-28T10:23:17.379Z] Auth attempt: {
  "hasHeader": true,
  "cookieNames": [
    "rzp_unified_session_id",
    "seller_token",
    "customer_token"
  ],
  "uniqueTokensFound": 3,
  "allowedRoles": []
}
[2026-04-28T10:23:17.509Z] Auth successful session found: {
  "user": {
    "id": "b017594a-241f-4fe4-abf4-5117f32025ee",
    "type": "seller",
    "email": "sanjayganesan016@gmail.com",
    "name": "Sanjay seller"
  }
}
[2026-04-28T10:24:17.436Z] Auth attempt: {
  "hasHeader": true,
  "cookieNames": [
    "rzp_unified_session_id",
    "seller_token",
    "customer_token"
  ],
  "uniqueTokensFound": 3,
  "allowedRoles": []
}
[2026-04-28T10:24:17.593Z] Auth successful session found: {
  "user": {
    "id": "b017594a-241f-4fe4-abf4-5117f32025ee",
    "type": "seller",
    "email": "sanjayganesan016@gmail.com",
    "name": "Sanjay seller"
  }
}
[2026-04-28T10:24:47.626Z] Auth attempt: {
  "hasHeader": true,
  "cookieNames": [
    "rzp_unified_session_id",
    "seller_token",
    "customer_token"
  ],
  "uniqueTokensFound": 2,
  "allowedRoles": [
    "customer"
  ]
}
[2026-04-28T10:24:48.002Z] Auth successful session found: {
  "user": {
    "id": "04f5f0e4-4311-4313-92b7-33fd0167a565",
    "type": "customer",
    "email": "ganeshsanjay8880@gmail.com",
    "name": "Sanjay"
  }
}
[2026-04-28T10:25:16.633Z] Auth attempt: {
  "hasHeader": true,
  "cookieNames": [
    "rzp_unified_session_id",
    "seller_token",
    "customer_token"
  ],
  "uniqueTokensFound": 3,
  "allowedRoles": []
}
[2026-04-28T10:25:16.838Z] Auth successful session found: {
  "user": {
    "id": "b017594a-241f-4fe4-abf4-5117f32025ee",
    "type": "seller",
    "email": "sanjayganesan016@gmail.com",
    "name": "Sanjay seller"
  }
}
[2026-04-28T10:25:36.815Z] Auth attempt: {
  "hasHeader": true,
  "cookieNames": [
    "rzp_unified_session_id",
    "seller_token",
    "customer_token"
  ],
  "uniqueTokensFound": 2,
  "allowedRoles": [
    "customer"
  ]
}
[2026-04-28T10:25:36.957Z] Auth successful session found: {
  "user": {
    "id": "04f5f0e4-4311-4313-92b7-33fd0167a565",
    "type": "customer",
    "email": "ganeshsanjay8880@gmail.com",
    "name": "Sanjay"
  }
}
[2026-04-28T10:25:44.490Z] Auth attempt: {
  "hasHeader": true,
  "cookieNames": [
    "seller_token",
    "customer_token",
    "rzp_unified_session_id"
  ],
  "uniqueTokensFound": 2,
  "allowedRoles": []
}
[2026-04-28T10:25:44.511Z] Auth attempt: {
  "hasHeader": true,
  "cookieNames": [
    "seller_token",
    "customer_token",
    "rzp_unified_session_id"
  ],
  "uniqueTokensFound": 2,
  "allowedRoles": []
}
[2026-04-28T10:25:44.522Z] Auth attempt: {
  "hasHeader": true,
  "cookieNames": [
    "seller_token",
    "customer_token",
    "rzp_unified_session_id"
  ],
  "uniqueTokensFound": 2,
  "allowedRoles": []
}
[2026-04-28T10:25:44.528Z] Auth successful session found: {
  "user": {
    "id": "b017594a-241f-4fe4-abf4-5117f32025ee",
    "type": "seller",
    "email": "sanjayganesan016@gmail.com",
    "name": "Sanjay seller"
  }
}
[2026-04-28T10:25:44.537Z] Auth attempt: {
  "hasHeader": true,
  "cookieNames": [
    "seller_token",
    "customer_token",
    "rzp_unified_session_id"
  ],
  "uniqueTokensFound": 2,
  "allowedRoles": []
}
[2026-04-28T10:25:44.562Z] Auth successful session found: {
  "user": {
    "id": "b017594a-241f-4fe4-abf4-5117f32025ee",
    "type": "seller",
    "email": "sanjayganesan016@gmail.com",
    "name": "Sanjay seller"
  }
}
[2026-04-28T10:25:44.584Z] Auth attempt: {
  "hasHeader": true,
  "cookieNames": [
    "seller_token",
    "customer_token",
    "rzp_unified_session_id"
  ],
  "uniqueTokensFound": 2,
  "allowedRoles": []
}
[2026-04-28T10:25:44.596Z] Auth attempt: {
  "hasHeader": true,
  "cookieNames": [
    "seller_token",
    "customer_token",
    "rzp_unified_session_id"
  ],
  "uniqueTokensFound": 2,
  "allowedRoles": []
}
[2026-04-28T10:25:44.603Z] Auth successful session found: {
  "user": {
    "id": "b017594a-241f-4fe4-abf4-5117f32025ee",
    "type": "seller",
    "email": "sanjayganesan016@gmail.com",
    "name": "Sanjay seller"
  }
}
[2026-04-28T10:25:44.606Z] Auth successful session found: {
  "user": {
    "id": "b017594a-241f-4fe4-abf4-5117f32025ee",
    "type": "seller",
    "email": "sanjayganesan016@gmail.com",
    "name": "Sanjay seller"
  }
}
[2026-04-28T10:25:44.676Z] Auth successful session found: {
  "user": {
    "id": "b017594a-241f-4fe4-abf4-5117f32025ee",
    "type": "seller",
    "email": "sanjayganesan016@gmail.com",
    "name": "Sanjay seller"
  }
}
[2026-04-28T10:25:44.680Z] Auth successful session found: {
  "user": {
    "id": "b017594a-241f-4fe4-abf4-5117f32025ee",
    "type": "seller",
    "email": "sanjayganesan016@gmail.com",
    "name": "Sanjay seller"
  }
}
[2026-04-28T10:25:44.716Z] Auth attempt: {
  "hasHeader": true,
  "cookieNames": [
    "seller_token",
    "customer_token",
    "rzp_unified_session_id"
  ],
  "uniqueTokensFound": 2,
  "allowedRoles": []
}
[2026-04-28T10:25:44.720Z] Auth attempt: {
  "hasHeader": true,
  "cookieNames": [
    "seller_token",
    "customer_token",
    "rzp_unified_session_id"
  ],
  "uniqueTokensFound": 2,
  "allowedRoles": []
}
[2026-04-28T10:25:44.724Z] Auth successful session found: {
  "user": {
    "id": "b017594a-241f-4fe4-abf4-5117f32025ee",
    "type": "seller",
    "email": "sanjayganesan016@gmail.com",
    "name": "Sanjay seller"
  }
}
[2026-04-28T10:25:44.727Z] Auth successful session found: {
  "user": {
    "id": "b017594a-241f-4fe4-abf4-5117f32025ee",
    "type": "seller",
    "email": "sanjayganesan016@gmail.com",
    "name": "Sanjay seller"
  }
}
[2026-04-28T10:26:06.396Z] Auth attempt: {
  "hasHeader": true,
  "cookieNames": [
    "seller_token",
    "customer_token",
    "rzp_unified_session_id"
  ],
  "uniqueTokensFound": 2,
  "allowedRoles": [
    "customer"
  ]
}
[2026-04-28T10:26:06.547Z] Auth successful session found: {
  "user": {
    "id": "04f5f0e4-4311-4313-92b7-33fd0167a565",
    "type": "customer",
    "email": "ganeshsanjay8880@gmail.com",
    "name": "Sanjay"
  }
}
[2026-04-28T10:26:45.357Z] Auth attempt: {
  "hasHeader": true,
  "cookieNames": [
    "seller_token",
    "customer_token",
    "rzp_unified_session_id"
  ],
  "uniqueTokensFound": 2,
  "allowedRoles": []
}
[2026-04-28T10:26:45.627Z] Auth successful session found: {
  "user": {
    "id": "b017594a-241f-4fe4-abf4-5117f32025ee",
    "type": "seller",
    "email": "sanjayganesan016@gmail.com",
    "name": "Sanjay seller"
  }
}
[2026-04-28T10:27:24.948Z] Auth attempt: {
  "hasHeader": true,
  "cookieNames": [
    "seller_token",
    "customer_token",
    "rzp_unified_session_id"
  ],
  "uniqueTokensFound": 2,
  "allowedRoles": [
    "customer"
  ]
}
[2026-04-28T10:27:25.098Z] Auth successful session found: {
  "user": {
    "id": "04f5f0e4-4311-4313-92b7-33fd0167a565",
    "type": "customer",
    "email": "ganeshsanjay8880@gmail.com",
    "name": "Sanjay"
  }
}
[2026-04-28T10:27:31.410Z] Auth attempt: {
  "hasHeader": true,
  "cookieNames": [
    "seller_token",
    "customer_token",
    "rzp_unified_session_id"
  ],
  "uniqueTokensFound": 2,
  "allowedRoles": []
}
[2026-04-28T10:27:31.441Z] Auth attempt: {
  "hasHeader": true,
  "cookieNames": [
    "seller_token",
    "customer_token",
    "rzp_unified_session_id"
  ],
  "uniqueTokensFound": 2,
  "allowedRoles": []
}
[2026-04-28T10:27:31.453Z] Auth attempt: {
  "hasHeader": true,
  "cookieNames": [
    "seller_token",
    "customer_token",
    "rzp_unified_session_id"
  ],
  "uniqueTokensFound": 2,
  "allowedRoles": []
}
[2026-04-28T10:27:31.458Z] Auth attempt: {
  "hasHeader": true,
  "cookieNames": [
    "seller_token",
    "customer_token",
    "rzp_unified_session_id"
  ],
  "uniqueTokensFound": 2,
  "allowedRoles": []
}
[2026-04-28T10:27:31.473Z] Auth successful session found: {
  "user": {
    "id": "b017594a-241f-4fe4-abf4-5117f32025ee",
    "type": "seller",
    "email": "sanjayganesan016@gmail.com",
    "name": "Sanjay seller"
  }
}
[2026-04-28T10:27:31.488Z] Auth successful session found: {
  "user": {
    "id": "b017594a-241f-4fe4-abf4-5117f32025ee",
    "type": "seller",
    "email": "sanjayganesan016@gmail.com",
    "name": "Sanjay seller"
  }
}
[2026-04-28T10:27:31.512Z] Auth attempt: {
  "hasHeader": true,
  "cookieNames": [
    "seller_token",
    "customer_token",
    "rzp_unified_session_id"
  ],
  "uniqueTokensFound": 2,
  "allowedRoles": []
}
[2026-04-28T10:27:31.522Z] Auth attempt: {
  "hasHeader": true,
  "cookieNames": [
    "seller_token",
    "customer_token",
    "rzp_unified_session_id"
  ],
  "uniqueTokensFound": 2,
  "allowedRoles": []
}
[2026-04-28T10:27:31.530Z] Auth successful session found: {
  "user": {
    "id": "b017594a-241f-4fe4-abf4-5117f32025ee",
    "type": "seller",
    "email": "sanjayganesan016@gmail.com",
    "name": "Sanjay seller"
  }
}
[2026-04-28T10:27:31.538Z] Auth successful session found: {
  "user": {
    "id": "b017594a-241f-4fe4-abf4-5117f32025ee",
    "type": "seller",
    "email": "sanjayganesan016@gmail.com",
    "name": "Sanjay seller"
  }
}
[2026-04-28T10:27:31.600Z] Auth successful session found: {
  "user": {
    "id": "b017594a-241f-4fe4-abf4-5117f32025ee",
    "type": "seller",
    "email": "sanjayganesan016@gmail.com",
    "name": "Sanjay seller"
  }
}
[2026-04-28T10:27:31.623Z] Auth successful session found: {
  "user": {
    "id": "b017594a-241f-4fe4-abf4-5117f32025ee",
    "type": "seller",
    "email": "sanjayganesan016@gmail.com",
    "name": "Sanjay seller"
  }
}
[2026-04-28T10:27:31.638Z] Auth attempt: {
  "hasHeader": true,
  "cookieNames": [
    "seller_token",
    "customer_token",
    "rzp_unified_session_id"
  ],
  "uniqueTokensFound": 2,
  "allowedRoles": []
}
[2026-04-28T10:27:31.647Z] Auth successful session found: {
  "user": {
    "id": "b017594a-241f-4fe4-abf4-5117f32025ee",
    "type": "seller",
    "email": "sanjayganesan016@gmail.com",
    "name": "Sanjay seller"
  }
}
[2026-04-28T10:27:31.671Z] Auth attempt: {
  "hasHeader": true,
  "cookieNames": [
    "seller_token",
    "customer_token",
    "rzp_unified_session_id"
  ],
  "uniqueTokensFound": 2,
  "allowedRoles": []
}
[2026-04-28T10:27:31.680Z] Auth successful session found: {
  "user": {
    "id": "b017594a-241f-4fe4-abf4-5117f32025ee",
    "type": "seller",
    "email": "sanjayganesan016@gmail.com",
    "name": "Sanjay seller"
  }
}
[2026-04-28T10:27:52.075Z] Auth attempt: {
  "hasHeader": true,
  "cookieNames": [
    "seller_token",
    "customer_token",
    "rzp_unified_session_id"
  ],
  "uniqueTokensFound": 2,
  "allowedRoles": []
}
[2026-04-28T10:27:52.181Z] Auth successful session found: {
  "user": {
    "id": "b017594a-241f-4fe4-abf4-5117f32025ee",
    "type": "seller",
    "email": "sanjayganesan016@gmail.com",
    "name": "Sanjay seller"
  }
}
[2026-04-28T10:27:54.396Z] Auth attempt: {
  "hasHeader": true,
  "cookieNames": [
    "seller_token",
    "customer_token",
    "rzp_unified_session_id"
  ],
  "uniqueTokensFound": 2,
  "allowedRoles": [
    "customer"
  ]
}
[2026-04-28T10:27:54.406Z] Auth successful session found: {
  "user": {
    "id": "04f5f0e4-4311-4313-92b7-33fd0167a565",
    "type": "customer",
    "email": "ganeshsanjay8880@gmail.com",
    "name": "Sanjay"
  }
}
[2026-04-28T10:28:04.103Z] Auth attempt: {
  "hasHeader": true,
  "cookieNames": [
    "seller_token",
    "customer_token",
    "rzp_unified_session_id"
  ],
  "uniqueTokensFound": 2,
  "allowedRoles": [
    "customer"
  ]
}
[2026-04-28T10:28:04.111Z] Auth successful session found: {
  "user": {
    "id": "04f5f0e4-4311-4313-92b7-33fd0167a565",
    "type": "customer",
    "email": "ganeshsanjay8880@gmail.com",
    "name": "Sanjay"
  }
}
[2026-04-28T10:28:32.341Z] Auth attempt: {
  "hasHeader": true,
  "cookieNames": [
    "seller_token",
    "customer_token",
    "rzp_unified_session_id"
  ],
  "uniqueTokensFound": 2,
  "allowedRoles": []
}
[2026-04-28T10:28:32.458Z] Auth successful session found: {
  "user": {
    "id": "b017594a-241f-4fe4-abf4-5117f32025ee",
    "type": "seller",
    "email": "sanjayganesan016@gmail.com",
    "name": "Sanjay seller"
  }
}
[2026-04-28T10:29:32.355Z] Auth attempt: {
  "hasHeader": true,
  "cookieNames": [
    "seller_token",
    "customer_token",
    "rzp_unified_session_id"
  ],
  "uniqueTokensFound": 2,
  "allowedRoles": []
}
[2026-04-28T10:29:32.554Z] Auth successful session found: {
  "user": {
    "id": "b017594a-241f-4fe4-abf4-5117f32025ee",
    "type": "seller",
    "email": "sanjayganesan016@gmail.com",
    "name": "Sanjay seller"
  }
}
[2026-04-28T10:30:07.720Z] Auth attempt: {
  "hasHeader": true,
  "cookieNames": [
    "seller_token",
    "customer_token",
    "rzp_unified_session_id"
  ],
  "uniqueTokensFound": 2,
  "allowedRoles": []
}
[2026-04-28T10:30:07.726Z] Auth attempt: {
  "hasHeader": true,
  "cookieNames": [
    "seller_token",
    "customer_token",
    "rzp_unified_session_id"
  ],
  "uniqueTokensFound": 2,
  "allowedRoles": []
}
[2026-04-28T10:30:07.734Z] Auth attempt: {
  "hasHeader": true,
  "cookieNames": [
    "seller_token",
    "customer_token",
    "rzp_unified_session_id"
  ],
  "uniqueTokensFound": 2,
  "allowedRoles": []
}
[2026-04-28T10:30:07.737Z] Auth attempt: {
  "hasHeader": true,
  "cookieNames": [
    "seller_token",
    "customer_token",
    "rzp_unified_session_id"
  ],
  "uniqueTokensFound": 2,
  "allowedRoles": []
}
[2026-04-28T10:30:07.860Z] Auth successful session found: {
  "user": {
    "id": "b017594a-241f-4fe4-abf4-5117f32025ee",
    "type": "seller",
    "email": "sanjayganesan016@gmail.com",
    "name": "Sanjay seller"
  }
}
[2026-04-28T10:30:07.868Z] Auth successful session found: {
  "user": {
    "id": "b017594a-241f-4fe4-abf4-5117f32025ee",
    "type": "seller",
    "email": "sanjayganesan016@gmail.com",
    "name": "Sanjay seller"
  }
}
[2026-04-28T10:30:07.874Z] Auth attempt: {
  "hasHeader": true,
  "cookieNames": [
    "seller_token",
    "customer_token",
    "rzp_unified_session_id"
  ],
  "uniqueTokensFound": 2,
  "allowedRoles": []
}
[2026-04-28T10:30:07.882Z] Auth successful session found: {
  "user": {
    "id": "b017594a-241f-4fe4-abf4-5117f32025ee",
    "type": "seller",
    "email": "sanjayganesan016@gmail.com",
    "name": "Sanjay seller"
  }
}
[2026-04-28T10:30:07.885Z] Auth successful session found: {
  "user": {
    "id": "b017594a-241f-4fe4-abf4-5117f32025ee",
    "type": "seller",
    "email": "sanjayganesan016@gmail.com",
    "name": "Sanjay seller"
  }
}
[2026-04-28T10:30:07.919Z] Auth attempt: {
  "hasHeader": true,
  "cookieNames": [
    "seller_token",
    "customer_token",
    "rzp_unified_session_id"
  ],
  "uniqueTokensFound": 2,
  "allowedRoles": []
}
[2026-04-28T10:30:07.925Z] Auth successful session found: {
  "user": {
    "id": "b017594a-241f-4fe4-abf4-5117f32025ee",
    "type": "seller",
    "email": "sanjayganesan016@gmail.com",
    "name": "Sanjay seller"
  }
}
[2026-04-28T10:30:07.928Z] Auth attempt: {
  "hasHeader": true,
  "cookieNames": [
    "seller_token",
    "customer_token",
    "rzp_unified_session_id"
  ],
  "uniqueTokensFound": 2,
  "allowedRoles": []
}
[2026-04-28T10:30:07.939Z] Auth successful session found: {
  "user": {
    "id": "b017594a-241f-4fe4-abf4-5117f32025ee",
    "type": "seller",
    "email": "sanjayganesan016@gmail.com",
    "name": "Sanjay seller"
  }
}
[2026-04-28T10:30:08.241Z] Auth successful session found: {
  "user": {
    "id": "b017594a-241f-4fe4-abf4-5117f32025ee",
    "type": "seller",
    "email": "sanjayganesan016@gmail.com",
    "name": "Sanjay seller"
  }
}
[2026-04-28T10:30:08.279Z] Auth attempt: {
  "hasHeader": true,
  "cookieNames": [
    "seller_token",
    "customer_token",
    "rzp_unified_session_id"
  ],
  "uniqueTokensFound": 2,
  "allowedRoles": []
}
[2026-04-28T10:30:08.299Z] Auth successful session found: {
  "user": {
    "id": "b017594a-241f-4fe4-abf4-5117f32025ee",
    "type": "seller",
    "email": "sanjayganesan016@gmail.com",
    "name": "Sanjay seller"
  }
}
[2026-04-28T10:30:29.255Z] Auth attempt: {
  "hasHeader": true,
  "cookieNames": [
    "seller_token",
    "customer_token",
    "rzp_unified_session_id"
  ],
  "uniqueTokensFound": 2,
  "allowedRoles": []
}
[2026-04-28T10:30:29.276Z] Auth attempt: {
  "hasHeader": true,
  "cookieNames": [
    "seller_token",
    "customer_token",
    "rzp_unified_session_id"
  ],
  "uniqueTokensFound": 2,
  "allowedRoles": []
}
[2026-04-28T10:30:29.288Z] Auth attempt: {
  "hasHeader": true,
  "cookieNames": [
    "seller_token",
    "customer_token",
    "rzp_unified_session_id"
  ],
  "uniqueTokensFound": 2,
  "allowedRoles": []
}
[2026-04-28T10:30:29.292Z] Auth attempt: {
  "hasHeader": true,
  "cookieNames": [
    "seller_token",
    "customer_token",
    "rzp_unified_session_id"
  ],
  "uniqueTokensFound": 2,
  "allowedRoles": []
}
[2026-04-28T10:30:29.492Z] Auth successful session found: {
  "user": {
    "id": "b017594a-241f-4fe4-abf4-5117f32025ee",
    "type": "seller",
    "email": "sanjayganesan016@gmail.com",
    "name": "Sanjay seller"
  }
}
[2026-04-28T10:30:29.516Z] Auth successful session found: {
  "user": {
    "id": "b017594a-241f-4fe4-abf4-5117f32025ee",
    "type": "seller",
    "email": "sanjayganesan016@gmail.com",
    "name": "Sanjay seller"
  }
}
[2026-04-28T10:30:29.522Z] Auth successful session found: {
  "user": {
    "id": "b017594a-241f-4fe4-abf4-5117f32025ee",
    "type": "seller",
    "email": "sanjayganesan016@gmail.com",
    "name": "Sanjay seller"
  }
}
[2026-04-28T10:30:29.534Z] Auth attempt: {
  "hasHeader": true,
  "cookieNames": [
    "seller_token",
    "customer_token",
    "rzp_unified_session_id"
  ],
  "uniqueTokensFound": 2,
  "allowedRoles": []
}
[2026-04-28T10:30:29.553Z] Auth successful session found: {
  "user": {
    "id": "b017594a-241f-4fe4-abf4-5117f32025ee",
    "type": "seller",
    "email": "sanjayganesan016@gmail.com",
    "name": "Sanjay seller"
  }
}
[2026-04-28T10:30:29.558Z] Auth attempt: {
  "hasHeader": true,
  "cookieNames": [
    "seller_token",
    "customer_token",
    "rzp_unified_session_id"
  ],
  "uniqueTokensFound": 2,
  "allowedRoles": []
}
[2026-04-28T10:30:29.564Z] Auth successful session found: {
  "user": {
    "id": "b017594a-241f-4fe4-abf4-5117f32025ee",
    "type": "seller",
    "email": "sanjayganesan016@gmail.com",
    "name": "Sanjay seller"
  }
}
[2026-04-28T10:30:29.568Z] Auth successful session found: {
  "user": {
    "id": "b017594a-241f-4fe4-abf4-5117f32025ee",
    "type": "seller",
    "email": "sanjayganesan016@gmail.com",
    "name": "Sanjay seller"
  }
}
[2026-04-28T10:30:29.581Z] Auth attempt: {
  "hasHeader": true,
  "cookieNames": [
    "seller_token",
    "customer_token",
    "rzp_unified_session_id"
  ],
  "uniqueTokensFound": 2,
  "allowedRoles": []
}
[2026-04-28T10:30:29.585Z] Auth successful session found: {
  "user": {
    "id": "b017594a-241f-4fe4-abf4-5117f32025ee",
    "type": "seller",
    "email": "sanjayganesan016@gmail.com",
    "name": "Sanjay seller"
  }
}
[2026-04-28T10:30:30.187Z] Auth attempt: {
  "hasHeader": true,
  "cookieNames": [
    "seller_token",
    "customer_token",
    "rzp_unified_session_id"
  ],
  "uniqueTokensFound": 2,
  "allowedRoles": []
}
[2026-04-28T10:30:30.574Z] Auth successful session found: {
  "user": {
    "id": "b017594a-241f-4fe4-abf4-5117f32025ee",
    "type": "seller",
    "email": "sanjayganesan016@gmail.com",
    "name": "Sanjay seller"
  }
}
[2026-04-28T10:31:16.233Z] Auth attempt: {
  "hasHeader": true,
  "cookieNames": [
    "seller_token",
    "customer_token",
    "rzp_unified_session_id"
  ],
  "uniqueTokensFound": 2,
  "allowedRoles": []
}
[2026-04-28T10:31:16.254Z] Auth attempt: {
  "hasHeader": true,
  "cookieNames": [
    "seller_token",
    "customer_token",
    "rzp_unified_session_id"
  ],
  "uniqueTokensFound": 2,
  "allowedRoles": []
}
[2026-04-28T10:31:16.268Z] Auth attempt: {
  "hasHeader": true,
  "cookieNames": [
    "seller_token",
    "customer_token",
    "rzp_unified_session_id"
  ],
  "uniqueTokensFound": 2,
  "allowedRoles": []
}
[2026-04-28T10:31:16.284Z] Auth attempt: {
  "hasHeader": true,
  "cookieNames": [
    "seller_token",
    "customer_token",
    "rzp_unified_session_id"
  ],
  "uniqueTokensFound": 2,
  "allowedRoles": []
}
[2026-04-28T10:31:16.306Z] Auth attempt: {
  "hasHeader": true,
  "cookieNames": [
    "seller_token",
    "customer_token",
    "rzp_unified_session_id"
  ],
  "uniqueTokensFound": 2,
  "allowedRoles": []
}
[2026-04-28T10:31:16.334Z] Auth attempt: {
  "hasHeader": true,
  "cookieNames": [
    "seller_token",
    "customer_token",
    "rzp_unified_session_id"
  ],
  "uniqueTokensFound": 2,
  "allowedRoles": []
}
[2026-04-28T10:31:16.798Z] Auth successful session found: {
  "user": {
    "id": "b017594a-241f-4fe4-abf4-5117f32025ee",
    "type": "seller",
    "email": "sanjayganesan016@gmail.com",
    "name": "Sanjay seller"
  }
}
[2026-04-28T10:31:16.820Z] Auth successful session found: {
  "user": {
    "id": "b017594a-241f-4fe4-abf4-5117f32025ee",
    "type": "seller",
    "email": "sanjayganesan016@gmail.com",
    "name": "Sanjay seller"
  }
}
[2026-04-28T10:31:16.836Z] Auth successful session found: {
  "user": {
    "id": "b017594a-241f-4fe4-abf4-5117f32025ee",
    "type": "seller",
    "email": "sanjayganesan016@gmail.com",
    "name": "Sanjay seller"
  }
}
[2026-04-28T10:31:16.841Z] Auth successful session found: {
  "user": {
    "id": "b017594a-241f-4fe4-abf4-5117f32025ee",
    "type": "seller",
    "email": "sanjayganesan016@gmail.com",
    "name": "Sanjay seller"
  }
}
[2026-04-28T10:31:16.850Z] Auth successful session found: {
  "user": {
    "id": "b017594a-241f-4fe4-abf4-5117f32025ee",
    "type": "seller",
    "email": "sanjayganesan016@gmail.com",
    "name": "Sanjay seller"
  }
}
[2026-04-28T10:31:16.854Z] Auth attempt: {
  "hasHeader": true,
  "cookieNames": [
    "seller_token",
    "customer_token",
    "rzp_unified_session_id"
  ],
  "uniqueTokensFound": 2,
  "allowedRoles": []
}
[2026-04-28T10:31:16.884Z] Auth successful session found: {
  "user": {
    "id": "b017594a-241f-4fe4-abf4-5117f32025ee",
    "type": "seller",
    "email": "sanjayganesan016@gmail.com",
    "name": "Sanjay seller"
  }
}
[2026-04-28T10:31:17.503Z] Auth attempt: {
  "hasHeader": true,
  "cookieNames": [
    "seller_token",
    "customer_token",
    "rzp_unified_session_id"
  ],
  "uniqueTokensFound": 2,
  "allowedRoles": []
}
[2026-04-28T10:31:17.514Z] Auth successful session found: {
  "user": {
    "id": "b017594a-241f-4fe4-abf4-5117f32025ee",
    "type": "seller",
    "email": "sanjayganesan016@gmail.com",
    "name": "Sanjay seller"
  }
}
[2026-04-28T10:31:17.849Z] Auth successful session found: {
  "user": {
    "id": "b017594a-241f-4fe4-abf4-5117f32025ee",
    "type": "seller",
    "email": "sanjayganesan016@gmail.com",
    "name": "Sanjay seller"
  }
}
[2026-04-28T10:31:26.137Z] Auth attempt: {
  "hasHeader": true,
  "cookieNames": [
    "seller_token",
    "customer_token",
    "rzp_unified_session_id"
  ],
  "uniqueTokensFound": 2,
  "allowedRoles": []
}
[2026-04-28T10:31:26.154Z] Auth attempt: {
  "hasHeader": true,
  "cookieNames": [
    "seller_token",
    "customer_token",
    "rzp_unified_session_id"
  ],
  "uniqueTokensFound": 2,
  "allowedRoles": []
}
[2026-04-28T10:31:26.251Z] Auth successful session found: {
  "user": {
    "id": "b017594a-241f-4fe4-abf4-5117f32025ee",
    "type": "seller",
    "email": "sanjayganesan016@gmail.com",
    "name": "Sanjay seller"
  }
}
[2026-04-28T10:31:26.338Z] Auth attempt: {
  "hasHeader": true,
  "cookieNames": [
    "seller_token",
    "customer_token",
    "rzp_unified_session_id"
  ],
  "uniqueTokensFound": 2,
  "allowedRoles": []
}
[2026-04-28T10:31:26.367Z] Auth attempt: {
  "hasHeader": true,
  "cookieNames": [
    "seller_token",
    "customer_token",
    "rzp_unified_session_id"
  ],
  "uniqueTokensFound": 2,
  "allowedRoles": []
}
[2026-04-28T10:31:26.373Z] Auth attempt: {
  "hasHeader": true,
  "cookieNames": [
    "seller_token",
    "customer_token",
    "rzp_unified_session_id"
  ],
  "uniqueTokensFound": 2,
  "allowedRoles": []
}
[2026-04-28T10:31:26.385Z] Auth attempt: {
  "hasHeader": true,
  "cookieNames": [
    "seller_token",
    "customer_token",
    "rzp_unified_session_id"
  ],
  "uniqueTokensFound": 2,
  "allowedRoles": []
}
[2026-04-28T10:31:26.394Z] Auth successful session found: {
  "user": {
    "id": "b017594a-241f-4fe4-abf4-5117f32025ee",
    "type": "seller",
    "email": "sanjayganesan016@gmail.com",
    "name": "Sanjay seller"
  }
}
[2026-04-28T10:31:26.409Z] Auth successful session found: {
  "user": {
    "id": "b017594a-241f-4fe4-abf4-5117f32025ee",
    "type": "seller",
    "email": "sanjayganesan016@gmail.com",
    "name": "Sanjay seller"
  }
}
[2026-04-28T10:31:26.416Z] Auth successful session found: {
  "user": {
    "id": "b017594a-241f-4fe4-abf4-5117f32025ee",
    "type": "seller",
    "email": "sanjayganesan016@gmail.com",
    "name": "Sanjay seller"
  }
}
[2026-04-28T10:31:26.419Z] Auth successful session found: {
  "user": {
    "id": "b017594a-241f-4fe4-abf4-5117f32025ee",
    "type": "seller",
    "email": "sanjayganesan016@gmail.com",
    "name": "Sanjay seller"
  }
}
[2026-04-28T10:31:26.426Z] Auth successful session found: {
  "user": {
    "id": "b017594a-241f-4fe4-abf4-5117f32025ee",
    "type": "seller",
    "email": "sanjayganesan016@gmail.com",
    "name": "Sanjay seller"
  }
}
[2026-04-28T10:31:26.431Z] Auth attempt: {
  "hasHeader": true,
  "cookieNames": [
    "seller_token",
    "customer_token",
    "rzp_unified_session_id"
  ],
  "uniqueTokensFound": 2,
  "allowedRoles": []
}
[2026-04-28T10:31:26.442Z] Auth successful session found: {
  "user": {
    "id": "b017594a-241f-4fe4-abf4-5117f32025ee",
    "type": "seller",
    "email": "sanjayganesan016@gmail.com",
    "name": "Sanjay seller"
  }
}
[2026-04-28T10:31:26.492Z] Auth attempt: {
  "hasHeader": true,
  "cookieNames": [
    "seller_token",
    "customer_token",
    "rzp_unified_session_id"
  ],
  "uniqueTokensFound": 2,
  "allowedRoles": []
}
[2026-04-28T10:31:26.643Z] Auth successful session found: {
  "user": {
    "id": "b017594a-241f-4fe4-abf4-5117f32025ee",
    "type": "seller",
    "email": "sanjayganesan016@gmail.com",
    "name": "Sanjay seller"
  }
}
[2026-04-28T10:32:26.019Z] Auth attempt: {
  "hasHeader": true,
  "cookieNames": [
    "seller_token",
    "customer_token",
    "rzp_unified_session_id"
  ],
  "uniqueTokensFound": 2,
  "allowedRoles": []
}
[2026-04-28T10:32:26.160Z] Auth successful session found: {
  "user": {
    "id": "b017594a-241f-4fe4-abf4-5117f32025ee",
    "type": "seller",
    "email": "sanjayganesan016@gmail.com",
    "name": "Sanjay seller"
  }
}
[2026-04-28T10:33:26.421Z] Auth attempt: {
  "hasHeader": true,
  "cookieNames": [
    "seller_token",
    "customer_token",
    "rzp_unified_session_id"
  ],
  "uniqueTokensFound": 2,
  "allowedRoles": []
}
[2026-04-28T10:33:26.456Z] Auth successful session found: {
  "user": {
    "id": "b017594a-241f-4fe4-abf4-5117f32025ee",
    "type": "seller",
    "email": "sanjayganesan016@gmail.com",
    "name": "Sanjay seller"
  }
}
[2026-04-28T10:34:26.393Z] Auth attempt: {
  "hasHeader": true,
  "cookieNames": [
    "seller_token",
    "customer_token",
    "rzp_unified_session_id"
  ],
  "uniqueTokensFound": 2,
  "allowedRoles": []
}
[2026-04-28T10:34:26.618Z] Auth successful session found: {
  "user": {
    "id": "b017594a-241f-4fe4-abf4-5117f32025ee",
    "type": "seller",
    "email": "sanjayganesan016@gmail.com",
    "name": "Sanjay seller"
  }
}
[2026-04-28T10:35:26.386Z] Auth attempt: {
  "hasHeader": true,
  "cookieNames": [
    "seller_token",
    "customer_token",
    "rzp_unified_session_id"
  ],
  "uniqueTokensFound": 2,
  "allowedRoles": []
}
[2026-04-28T10:35:26.499Z] Auth successful session found: {
  "user": {
    "id": "b017594a-241f-4fe4-abf4-5117f32025ee",
    "type": "seller",
    "email": "sanjayganesan016@gmail.com",
    "name": "Sanjay seller"
  }
}
[2026-04-28T10:36:00.493Z] Auth attempt: {
  "hasHeader": true,
  "cookieNames": [
    "seller_token",
    "customer_token",
    "rzp_unified_session_id"
  ],
  "uniqueTokensFound": 2,
  "allowedRoles": []
}
[2026-04-28T10:36:00.499Z] Auth attempt: {
  "hasHeader": true,
  "cookieNames": [
    "seller_token",
    "customer_token",
    "rzp_unified_session_id"
  ],
  "uniqueTokensFound": 2,
  "allowedRoles": []
}
[2026-04-28T10:36:00.590Z] Auth successful session found: {
  "user": {
    "id": "b017594a-241f-4fe4-abf4-5117f32025ee",
    "type": "seller",
    "email": "sanjayganesan016@gmail.com",
    "name": "Sanjay seller"
  }
}
[2026-04-28T10:36:00.593Z] Auth successful session found: {
  "user": {
    "id": "b017594a-241f-4fe4-abf4-5117f32025ee",
    "type": "seller",
    "email": "sanjayganesan016@gmail.com",
    "name": "Sanjay seller"
  }
}
[2026-04-28T10:36:26.375Z] Auth attempt: {
  "hasHeader": true,
  "cookieNames": [
    "seller_token",
    "customer_token",
    "rzp_unified_session_id"
  ],
  "uniqueTokensFound": 2,
  "allowedRoles": []
}
[2026-04-28T10:36:26.395Z] Auth successful session found: {
  "user": {
    "id": "b017594a-241f-4fe4-abf4-5117f32025ee",
    "type": "seller",
    "email": "sanjayganesan016@gmail.com",
    "name": "Sanjay seller"
  }
}
[2026-04-28T10:39:38.409Z] Auth attempt: {
  "hasHeader": true,
  "cookieNames": [
    "seller_token",
    "customer_token",
    "rzp_unified_session_id"
  ],
  "uniqueTokensFound": 2,
  "allowedRoles": [
    "customer",
    "admin",
    "super_admin"
  ]
}
[2026-04-28T10:39:38.615Z] Auth successful session found: {
  "user": {
    "id": "04f5f0e4-4311-4313-92b7-33fd0167a565",
    "type": "customer",
    "email": "ganeshsanjay8880@gmail.com",
    "name": "Sanjay"
  }
}
[2026-04-28T10:40:32.701Z] Auth attempt: {
  "hasHeader": true,
  "cookieNames": [
    "seller_token",
    "customer_token",
    "rzp_unified_session_id"
  ],
  "uniqueTokensFound": 2,
  "allowedRoles": []
}
[2026-04-28T10:40:32.863Z] Auth successful session found: {
  "user": {
    "id": "b017594a-241f-4fe4-abf4-5117f32025ee",
    "type": "seller",
    "email": "sanjayganesan016@gmail.com",
    "name": "Sanjay seller"
  }
}
[2026-04-28T10:40:37.607Z] Auth attempt: {
  "hasHeader": true,
  "cookieNames": [
    "seller_token",
    "customer_token",
    "rzp_unified_session_id"
  ],
  "uniqueTokensFound": 2,
  "allowedRoles": [
    "customer",
    "admin",
    "super_admin"
  ]
}
[2026-04-28T10:40:37.617Z] Auth successful session found: {
  "user": {
    "id": "04f5f0e4-4311-4313-92b7-33fd0167a565",
    "type": "customer",
    "email": "ganeshsanjay8880@gmail.com",
    "name": "Sanjay"
  }
}
[2026-04-28T10:40:46.111Z] Auth attempt: {
  "hasHeader": true,
  "cookieNames": [
    "seller_token",
    "customer_token",
    "rzp_unified_session_id"
  ],
  "uniqueTokensFound": 2,
  "allowedRoles": [
    "customer"
  ]
}
[2026-04-28T10:40:46.118Z] Auth successful session found: {
  "user": {
    "id": "04f5f0e4-4311-4313-92b7-33fd0167a565",
    "type": "customer",
    "email": "ganeshsanjay8880@gmail.com",
    "name": "Sanjay"
  }
}
[2026-04-28T10:41:38.382Z] Auth attempt: {
  "hasHeader": true,
  "cookieNames": [
    "seller_token",
    "customer_token",
    "rzp_unified_session_id"
  ],
  "uniqueTokensFound": 2,
  "allowedRoles": [
    "customer",
    "admin",
    "super_admin"
  ]
}
[2026-04-28T10:41:38.537Z] Auth successful session found: {
  "user": {
    "id": "04f5f0e4-4311-4313-92b7-33fd0167a565",
    "type": "customer",
    "email": "ganeshsanjay8880@gmail.com",
    "name": "Sanjay"
  }
}
[2026-04-28T10:42:38.365Z] Auth attempt: {
  "hasHeader": true,
  "cookieNames": [
    "seller_token",
    "customer_token",
    "rzp_unified_session_id"
  ],
  "uniqueTokensFound": 2,
  "allowedRoles": [
    "customer",
    "admin",
    "super_admin"
  ]
}
[2026-04-28T10:42:38.443Z] Auth successful session found: {
  "user": {
    "id": "04f5f0e4-4311-4313-92b7-33fd0167a565",
    "type": "customer",
    "email": "ganeshsanjay8880@gmail.com",
    "name": "Sanjay"
  }
}
[2026-04-28T10:43:30.458Z] Auth attempt: {
  "hasHeader": true,
  "cookieNames": [
    "seller_token",
    "customer_token",
    "rzp_unified_session_id"
  ],
  "uniqueTokensFound": 2,
  "allowedRoles": [
    "customer"
  ]
}
[2026-04-28T10:43:30.543Z] Auth successful session found: {
  "user": {
    "id": "04f5f0e4-4311-4313-92b7-33fd0167a565",
    "type": "customer",
    "email": "ganeshsanjay8880@gmail.com",
    "name": "Sanjay"
  }
}
[2026-04-28T10:43:37.625Z] Auth attempt: {
  "hasHeader": true,
  "cookieNames": [
    "seller_token",
    "customer_token",
    "rzp_unified_session_id"
  ],
  "uniqueTokensFound": 2,
  "allowedRoles": [
    "customer",
    "admin",
    "super_admin"
  ]
}
[2026-04-28T10:43:37.637Z] Auth successful session found: {
  "user": {
    "id": "04f5f0e4-4311-4313-92b7-33fd0167a565",
    "type": "customer",
    "email": "ganeshsanjay8880@gmail.com",
    "name": "Sanjay"
  }
}
[2026-04-28T10:43:54.599Z] Auth attempt: {
  "hasHeader": true,
  "cookieNames": [
    "seller_token",
    "customer_token",
    "rzp_unified_session_id"
  ],
  "uniqueTokensFound": 2,
  "allowedRoles": [
    "customer"
  ]
}
[2026-04-28T10:43:54.866Z] Auth successful session found: {
  "user": {
    "id": "04f5f0e4-4311-4313-92b7-33fd0167a565",
    "type": "customer",
    "email": "ganeshsanjay8880@gmail.com",
    "name": "Sanjay"
  }
}
[2026-04-28T10:44:38.353Z] Auth attempt: {
  "hasHeader": true,
  "cookieNames": [
    "seller_token",
    "customer_token",
    "rzp_unified_session_id"
  ],
  "uniqueTokensFound": 2,
  "allowedRoles": [
    "customer",
    "admin",
    "super_admin"
  ]
}
[2026-04-28T10:44:38.483Z] Auth successful session found: {
  "user": {
    "id": "04f5f0e4-4311-4313-92b7-33fd0167a565",
    "type": "customer",
    "email": "ganeshsanjay8880@gmail.com",
    "name": "Sanjay"
  }
}
[2026-04-28T10:45:02.133Z] Auth attempt: {
  "hasHeader": true,
  "cookieNames": [
    "seller_token",
    "customer_token",
    "rzp_unified_session_id"
  ],
  "uniqueTokensFound": 2,
  "allowedRoles": [
    "customer"
  ]
}
[2026-04-28T10:45:02.239Z] Auth successful session found: {
  "user": {
    "id": "04f5f0e4-4311-4313-92b7-33fd0167a565",
    "type": "customer",
    "email": "ganeshsanjay8880@gmail.com",
    "name": "Sanjay"
  }
}
[2026-04-28T10:45:38.370Z] Auth attempt: {
  "hasHeader": true,
  "cookieNames": [
    "seller_token",
    "customer_token",
    "rzp_unified_session_id"
  ],
  "uniqueTokensFound": 2,
  "allowedRoles": [
    "customer",
    "admin",
    "super_admin"
  ]
}
[2026-04-28T10:45:38.387Z] Auth successful session found: {
  "user": {
    "id": "04f5f0e4-4311-4313-92b7-33fd0167a565",
    "type": "customer",
    "email": "ganeshsanjay8880@gmail.com",
    "name": "Sanjay"
  }
}
[2026-04-28T10:46:04.037Z] Auth attempt: {
  "hasHeader": true,
  "cookieNames": [
    "seller_token",
    "customer_token",
    "rzp_unified_session_id"
  ],
  "uniqueTokensFound": 2,
  "allowedRoles": [
    "customer"
  ]
}
[2026-04-28T10:46:04.157Z] Auth successful session found: {
  "user": {
    "id": "04f5f0e4-4311-4313-92b7-33fd0167a565",
    "type": "customer",
    "email": "ganeshsanjay8880@gmail.com",
    "name": "Sanjay"
  }
}
[2026-04-28T10:46:38.360Z] Auth attempt: {
  "hasHeader": true,
  "cookieNames": [
    "seller_token",
    "customer_token",
    "rzp_unified_session_id"
  ],
  "uniqueTokensFound": 2,
  "allowedRoles": [
    "customer",
    "admin",
    "super_admin"
  ]
}
[2026-04-28T10:46:38.516Z] Auth successful session found: {
  "user": {
    "id": "04f5f0e4-4311-4313-92b7-33fd0167a565",
    "type": "customer",
    "email": "ganeshsanjay8880@gmail.com",
    "name": "Sanjay"
  }
}
[2026-04-28T10:47:38.354Z] Auth attempt: {
  "hasHeader": true,
  "cookieNames": [
    "seller_token",
    "customer_token",
    "rzp_unified_session_id"
  ],
  "uniqueTokensFound": 2,
  "allowedRoles": [
    "customer",
    "admin",
    "super_admin"
  ]
}
[2026-04-28T10:47:38.511Z] Auth successful session found: {
  "user": {
    "id": "04f5f0e4-4311-4313-92b7-33fd0167a565",
    "type": "customer",
    "email": "ganeshsanjay8880@gmail.com",
    "name": "Sanjay"
  }
}
[2026-04-28T10:48:38.362Z] Auth attempt: {
  "hasHeader": true,
  "cookieNames": [
    "seller_token",
    "customer_token",
    "rzp_unified_session_id"
  ],
  "uniqueTokensFound": 2,
  "allowedRoles": [
    "customer",
    "admin",
    "super_admin"
  ]
}
[2026-04-28T10:48:38.511Z] Auth successful session found: {
  "user": {
    "id": "04f5f0e4-4311-4313-92b7-33fd0167a565",
    "type": "customer",
    "email": "ganeshsanjay8880@gmail.com",
    "name": "Sanjay"
  }
}
[2026-04-28T10:49:38.355Z] Auth attempt: {
  "hasHeader": true,
  "cookieNames": [
    "seller_token",
    "customer_token",
    "rzp_unified_session_id"
  ],
  "uniqueTokensFound": 2,
  "allowedRoles": [
    "customer",
    "admin",
    "super_admin"
  ]
}
[2026-04-28T10:49:38.525Z] Auth successful session found: {
  "user": {
    "id": "04f5f0e4-4311-4313-92b7-33fd0167a565",
    "type": "customer",
    "email": "ganeshsanjay8880@gmail.com",
    "name": "Sanjay"
  }
}
[2026-04-28T10:58:48.793Z] Auth attempt: {
  "hasHeader": true,
  "cookieNames": [
    "seller_token",
    "customer_token"
  ],
  "uniqueTokensFound": 2,
  "allowedRoles": [
    "customer",
    "admin",
    "super_admin"
  ]
}
[2026-04-28T10:58:50.003Z] Auth successful session found: {
  "user": {
    "id": "04f5f0e4-4311-4313-92b7-33fd0167a565",
    "type": "customer",
    "email": "ganeshsanjay8880@gmail.com",
    "name": "Sanjay"
  }
}
[2026-04-28T10:59:08.981Z] Auth attempt: {
  "hasHeader": true,
  "cookieNames": [
    "seller_token",
    "customer_token",
    "rzp_unified_session_id"
  ],
  "uniqueTokensFound": 2,
  "allowedRoles": [
    "customer",
    "admin",
    "super_admin"
  ]
}
[2026-04-28T10:59:09.038Z] Auth attempt: {
  "hasHeader": true,
  "cookieNames": [
    "seller_token",
    "customer_token",
    "rzp_unified_session_id"
  ],
  "uniqueTokensFound": 2,
  "allowedRoles": [
    "customer",
    "admin",
    "super_admin"
  ]
}
[2026-04-28T10:59:09.054Z] Auth attempt: {
  "hasHeader": true,
  "cookieNames": [
    "seller_token",
    "customer_token",
    "rzp_unified_session_id"
  ],
  "uniqueTokensFound": 2,
  "allowedRoles": [
    "customer",
    "admin",
    "super_admin"
  ]
}
[2026-04-28T10:59:09.093Z] Auth attempt: {
  "hasHeader": true,
  "cookieNames": [
    "seller_token",
    "customer_token",
    "rzp_unified_session_id"
  ],
  "uniqueTokensFound": 2,
  "allowedRoles": [
    "customer",
    "admin",
    "super_admin"
  ]
}
[2026-04-28T10:59:09.318Z] Auth successful session found: {
  "user": {
    "id": "04f5f0e4-4311-4313-92b7-33fd0167a565",
    "type": "customer",
    "email": "ganeshsanjay8880@gmail.com",
    "name": "Sanjay"
  }
}
[2026-04-28T10:59:09.321Z] Auth successful session found: {
  "user": {
    "id": "04f5f0e4-4311-4313-92b7-33fd0167a565",
    "type": "customer",
    "email": "ganeshsanjay8880@gmail.com",
    "name": "Sanjay"
  }
}
[2026-04-28T10:59:09.339Z] Auth attempt: {
  "hasHeader": true,
  "cookieNames": [
    "seller_token",
    "customer_token",
    "rzp_unified_session_id"
  ],
  "uniqueTokensFound": 2,
  "allowedRoles": [
    "customer",
    "admin",
    "super_admin"
  ]
}
[2026-04-28T10:59:09.344Z] Auth successful session found: {
  "user": {
    "id": "04f5f0e4-4311-4313-92b7-33fd0167a565",
    "type": "customer",
    "email": "ganeshsanjay8880@gmail.com",
    "name": "Sanjay"
  }
}
[2026-04-28T10:59:09.385Z] Auth attempt: {
  "hasHeader": true,
  "cookieNames": [
    "seller_token",
    "customer_token",
    "rzp_unified_session_id"
  ],
  "uniqueTokensFound": 2,
  "allowedRoles": [
    "customer",
    "admin",
    "super_admin"
  ]
}
[2026-04-28T10:59:09.389Z] Auth successful session found: {
  "user": {
    "id": "04f5f0e4-4311-4313-92b7-33fd0167a565",
    "type": "customer",
    "email": "ganeshsanjay8880@gmail.com",
    "name": "Sanjay"
  }
}
[2026-04-28T10:59:09.394Z] Auth successful session found: {
  "user": {
    "id": "04f5f0e4-4311-4313-92b7-33fd0167a565",
    "type": "customer",
    "email": "ganeshsanjay8880@gmail.com",
    "name": "Sanjay"
  }
}
[2026-04-28T10:59:09.410Z] Auth attempt: {
  "hasHeader": true,
  "cookieNames": [
    "seller_token",
    "customer_token",
    "rzp_unified_session_id"
  ],
  "uniqueTokensFound": 2,
  "allowedRoles": [
    "customer",
    "admin",
    "super_admin"
  ]
}
[2026-04-28T10:59:09.414Z] Auth successful session found: {
  "user": {
    "id": "04f5f0e4-4311-4313-92b7-33fd0167a565",
    "type": "customer",
    "email": "ganeshsanjay8880@gmail.com",
    "name": "Sanjay"
  }
}
[2026-04-28T10:59:09.446Z] Auth successful session found: {
  "user": {
    "id": "04f5f0e4-4311-4313-92b7-33fd0167a565",
    "type": "customer",
    "email": "ganeshsanjay8880@gmail.com",
    "name": "Sanjay"
  }
}
[2026-04-28T10:59:09.477Z] Auth attempt: {
  "hasHeader": true,
  "cookieNames": [
    "seller_token",
    "customer_token",
    "rzp_unified_session_id"
  ],
  "uniqueTokensFound": 2,
  "allowedRoles": [
    "customer",
    "admin",
    "super_admin"
  ]
}
[2026-04-28T10:59:09.482Z] Auth successful session found: {
  "user": {
    "id": "04f5f0e4-4311-4313-92b7-33fd0167a565",
    "type": "customer",
    "email": "ganeshsanjay8880@gmail.com",
    "name": "Sanjay"
  }
}
[2026-04-28T10:59:38.980Z] Auth attempt: {
  "hasHeader": true,
  "cookieNames": [
    "seller_token",
    "customer_token",
    "rzp_unified_session_id"
  ],
  "uniqueTokensFound": 2,
  "allowedRoles": [
    "customer",
    "admin",
    "super_admin"
  ]
}
[2026-04-28T10:59:39.150Z] Auth successful session found: {
  "user": {
    "id": "04f5f0e4-4311-4313-92b7-33fd0167a565",
    "type": "customer",
    "email": "ganeshsanjay8880@gmail.com",
    "name": "Sanjay"
  }
}
[2026-04-28T10:59:39.174Z] Auth attempt: {
  "hasHeader": true,
  "cookieNames": [
    "seller_token",
    "customer_token",
    "rzp_unified_session_id"
  ],
  "uniqueTokensFound": 2,
  "allowedRoles": [
    "customer",
    "admin",
    "super_admin"
  ]
}
[2026-04-28T10:59:39.183Z] Auth successful session found: {
  "user": {
    "id": "04f5f0e4-4311-4313-92b7-33fd0167a565",
    "type": "customer",
    "email": "ganeshsanjay8880@gmail.com",
    "name": "Sanjay"
  }
}
[2026-04-28T10:59:44.745Z] Auth attempt: {
  "hasHeader": true,
  "cookieNames": [
    "seller_token",
    "customer_token",
    "rzp_unified_session_id"
  ],
  "uniqueTokensFound": 2,
  "allowedRoles": [
    "customer",
    "admin",
    "super_admin"
  ]
}
[2026-04-28T10:59:44.935Z] Auth attempt: {
  "hasHeader": true,
  "cookieNames": [
    "seller_token",
    "customer_token",
    "rzp_unified_session_id"
  ],
  "uniqueTokensFound": 2,
  "allowedRoles": [
    "customer"
  ]
}
[2026-04-28T10:59:45.033Z] Auth successful session found: {
  "user": {
    "id": "04f5f0e4-4311-4313-92b7-33fd0167a565",
    "type": "customer",
    "email": "ganeshsanjay8880@gmail.com",
    "name": "Sanjay"
  }
}
[2026-04-28T10:59:45.103Z] Auth attempt: {
  "hasHeader": true,
  "cookieNames": [
    "seller_token",
    "customer_token",
    "rzp_unified_session_id"
  ],
  "uniqueTokensFound": 2,
  "allowedRoles": [
    "customer",
    "admin",
    "super_admin"
  ]
}
[2026-04-28T10:59:45.176Z] Auth successful session found: {
  "user": {
    "id": "04f5f0e4-4311-4313-92b7-33fd0167a565",
    "type": "customer",
    "email": "ganeshsanjay8880@gmail.com",
    "name": "Sanjay"
  }
}
[2026-04-28T10:59:45.206Z] Auth successful session found: {
  "user": {
    "id": "04f5f0e4-4311-4313-92b7-33fd0167a565",
    "type": "customer",
    "email": "ganeshsanjay8880@gmail.com",
    "name": "Sanjay"
  }
}
[2026-04-28T11:00:42.366Z] Auth attempt: {
  "hasHeader": true,
  "cookieNames": [
    "seller_token",
    "customer_token",
    "rzp_unified_session_id"
  ],
  "uniqueTokensFound": 2,
  "allowedRoles": [
    "customer",
    "admin",
    "super_admin"
  ]
}
[2026-04-28T11:00:42.635Z] Auth successful session found: {
  "user": {
    "id": "04f5f0e4-4311-4313-92b7-33fd0167a565",
    "type": "customer",
    "email": "ganeshsanjay8880@gmail.com",
    "name": "Sanjay"
  }
}
[2026-04-28T11:01:42.368Z] Auth attempt: {
  "hasHeader": true,
  "cookieNames": [
    "seller_token",
    "customer_token",
    "rzp_unified_session_id"
  ],
  "uniqueTokensFound": 2,
  "allowedRoles": [
    "customer",
    "admin",
    "super_admin"
  ]
}
[2026-04-28T11:01:42.589Z] Auth successful session found: {
  "user": {
    "id": "04f5f0e4-4311-4313-92b7-33fd0167a565",
    "type": "customer",
    "email": "ganeshsanjay8880@gmail.com",
    "name": "Sanjay"
  }
}
[2026-04-28T11:01:49.275Z] Auth attempt: {
  "hasHeader": true,
  "cookieNames": [
    "seller_token",
    "customer_token",
    "rzp_unified_session_id"
  ],
  "uniqueTokensFound": 2,
  "allowedRoles": [
    "customer",
    "admin",
    "super_admin"
  ]
}
[2026-04-28T11:01:49.352Z] Auth attempt: {
  "hasHeader": true,
  "cookieNames": [
    "seller_token",
    "customer_token",
    "rzp_unified_session_id"
  ],
  "uniqueTokensFound": 2,
  "allowedRoles": [
    "customer",
    "admin",
    "super_admin"
  ]
}
[2026-04-28T11:01:49.389Z] Auth attempt: {
  "hasHeader": true,
  "cookieNames": [
    "seller_token",
    "customer_token",
    "rzp_unified_session_id"
  ],
  "uniqueTokensFound": 2,
  "allowedRoles": [
    "customer",
    "admin",
    "super_admin"
  ]
}
[2026-04-28T11:01:49.451Z] Auth successful session found: {
  "user": {
    "id": "04f5f0e4-4311-4313-92b7-33fd0167a565",
    "type": "customer",
    "email": "ganeshsanjay8880@gmail.com",
    "name": "Sanjay"
  }
}
[2026-04-28T11:01:49.484Z] Auth attempt: {
  "hasHeader": true,
  "cookieNames": [
    "seller_token",
    "customer_token",
    "rzp_unified_session_id"
  ],
  "uniqueTokensFound": 2,
  "allowedRoles": [
    "customer",
    "admin",
    "super_admin"
  ]
}
[2026-04-28T11:01:49.499Z] Auth successful session found: {
  "user": {
    "id": "04f5f0e4-4311-4313-92b7-33fd0167a565",
    "type": "customer",
    "email": "ganeshsanjay8880@gmail.com",
    "name": "Sanjay"
  }
}
[2026-04-28T11:01:49.618Z] Auth successful session found: {
  "user": {
    "id": "04f5f0e4-4311-4313-92b7-33fd0167a565",
    "type": "customer",
    "email": "ganeshsanjay8880@gmail.com",
    "name": "Sanjay"
  }
}
[2026-04-28T11:01:49.621Z] Auth successful session found: {
  "user": {
    "id": "04f5f0e4-4311-4313-92b7-33fd0167a565",
    "type": "customer",
    "email": "ganeshsanjay8880@gmail.com",
    "name": "Sanjay"
  }
}
[2026-04-28T11:01:49.652Z] Auth attempt: {
  "hasHeader": true,
  "cookieNames": [
    "seller_token",
    "customer_token",
    "rzp_unified_session_id"
  ],
  "uniqueTokensFound": 2,
  "allowedRoles": [
    "customer",
    "admin",
    "super_admin"
  ]
}
[2026-04-28T11:01:49.666Z] Auth successful session found: {
  "user": {
    "id": "04f5f0e4-4311-4313-92b7-33fd0167a565",
    "type": "customer",
    "email": "ganeshsanjay8880@gmail.com",
    "name": "Sanjay"
  }
}
[2026-04-28T11:01:49.673Z] Auth attempt: {
  "hasHeader": true,
  "cookieNames": [
    "seller_token",
    "customer_token",
    "rzp_unified_session_id"
  ],
  "uniqueTokensFound": 2,
  "allowedRoles": [
    "customer",
    "admin",
    "super_admin"
  ]
}
[2026-04-28T11:01:50.202Z] Auth successful session found: {
  "user": {
    "id": "04f5f0e4-4311-4313-92b7-33fd0167a565",
    "type": "customer",
    "email": "ganeshsanjay8880@gmail.com",
    "name": "Sanjay"
  }
}
[2026-04-28T11:01:50.625Z] Auth attempt: {
  "hasHeader": true,
  "cookieNames": [
    "seller_token",
    "customer_token",
    "rzp_unified_session_id"
  ],
  "uniqueTokensFound": 2,
  "allowedRoles": [
    "customer"
  ]
}
[2026-04-28T11:01:50.639Z] Auth successful session found: {
  "user": {
    "id": "04f5f0e4-4311-4313-92b7-33fd0167a565",
    "type": "customer",
    "email": "ganeshsanjay8880@gmail.com",
    "name": "Sanjay"
  }
}
[2026-04-28T11:01:52.321Z] Auth attempt: {
  "hasHeader": true,
  "cookieNames": [
    "seller_token",
    "customer_token",
    "rzp_unified_session_id"
  ],
  "uniqueTokensFound": 2,
  "allowedRoles": [
    "customer",
    "admin",
    "super_admin"
  ]
}
[2026-04-28T11:01:52.328Z] Auth attempt: {
  "hasHeader": true,
  "cookieNames": [
    "seller_token",
    "customer_token",
    "rzp_unified_session_id"
  ],
  "uniqueTokensFound": 2,
  "allowedRoles": [
    "customer",
    "admin",
    "super_admin"
  ]
}
[2026-04-28T11:01:52.331Z] Auth successful session found: {
  "user": {
    "id": "04f5f0e4-4311-4313-92b7-33fd0167a565",
    "type": "customer",
    "email": "ganeshsanjay8880@gmail.com",
    "name": "Sanjay"
  }
}
[2026-04-28T11:01:52.336Z] Auth successful session found: {
  "user": {
    "id": "04f5f0e4-4311-4313-92b7-33fd0167a565",
    "type": "customer",
    "email": "ganeshsanjay8880@gmail.com",
    "name": "Sanjay"
  }
}
[2026-04-28T11:01:52.355Z] Auth attempt: {
  "hasHeader": true,
  "cookieNames": [
    "seller_token",
    "customer_token",
    "rzp_unified_session_id"
  ],
  "uniqueTokensFound": 2,
  "allowedRoles": [
    "customer",
    "admin",
    "super_admin"
  ]
}
[2026-04-28T11:01:52.365Z] Auth successful session found: {
  "user": {
    "id": "04f5f0e4-4311-4313-92b7-33fd0167a565",
    "type": "customer",
    "email": "ganeshsanjay8880@gmail.com",
    "name": "Sanjay"
  }
}
[2026-04-28T11:01:52.367Z] Auth attempt: {
  "hasHeader": true,
  "cookieNames": [
    "seller_token",
    "customer_token",
    "rzp_unified_session_id"
  ],
  "uniqueTokensFound": 2,
  "allowedRoles": [
    "customer",
    "admin",
    "super_admin"
  ]
}
[2026-04-28T11:01:52.374Z] Auth successful session found: {
  "user": {
    "id": "04f5f0e4-4311-4313-92b7-33fd0167a565",
    "type": "customer",
    "email": "ganeshsanjay8880@gmail.com",
    "name": "Sanjay"
  }
}
[2026-04-28T11:02:06.452Z] Auth attempt: {
  "hasHeader": true,
  "cookieNames": [
    "seller_token",
    "customer_token",
    "rzp_unified_session_id"
  ],
  "uniqueTokensFound": 2,
  "allowedRoles": []
}
[2026-04-28T11:02:06.554Z] Auth successful session found: {
  "user": {
    "id": "b017594a-241f-4fe4-abf4-5117f32025ee",
    "type": "seller",
    "email": "sanjayganesan016@gmail.com",
    "name": "Sanjay seller"
  }
}
[2026-04-28T11:02:15.637Z] Auth attempt: {
  "hasHeader": true,
  "cookieNames": [
    "seller_token",
    "customer_token",
    "rzp_unified_session_id"
  ],
  "uniqueTokensFound": 2,
  "allowedRoles": [
    "customer"
  ]
}
[2026-04-28T11:02:15.646Z] Auth successful session found: {
  "user": {
    "id": "04f5f0e4-4311-4313-92b7-33fd0167a565",
    "type": "customer",
    "email": "ganeshsanjay8880@gmail.com",
    "name": "Sanjay"
  }
}
[2026-04-28T11:02:52.361Z] Auth attempt: {
  "hasHeader": true,
  "cookieNames": [
    "seller_token",
    "customer_token",
    "rzp_unified_session_id"
  ],
  "uniqueTokensFound": 2,
  "allowedRoles": [
    "customer",
    "admin",
    "super_admin"
  ]
}
[2026-04-28T11:02:52.512Z] Auth successful session found: {
  "user": {
    "id": "04f5f0e4-4311-4313-92b7-33fd0167a565",
    "type": "customer",
    "email": "ganeshsanjay8880@gmail.com",
    "name": "Sanjay"
  }
}
[2026-04-28T11:03:52.351Z] Auth attempt: {
  "hasHeader": true,
  "cookieNames": [
    "seller_token",
    "customer_token",
    "rzp_unified_session_id"
  ],
  "uniqueTokensFound": 2,
  "allowedRoles": [
    "customer",
    "admin",
    "super_admin"
  ]
}
[2026-04-28T11:03:52.468Z] Auth successful session found: {
  "user": {
    "id": "04f5f0e4-4311-4313-92b7-33fd0167a565",
    "type": "customer",
    "email": "ganeshsanjay8880@gmail.com",
    "name": "Sanjay"
  }
}
[2026-04-28T11:04:52.352Z] Auth attempt: {
  "hasHeader": true,
  "cookieNames": [
    "seller_token",
    "customer_token",
    "rzp_unified_session_id"
  ],
  "uniqueTokensFound": 2,
  "allowedRoles": [
    "customer",
    "admin",
    "super_admin"
  ]
}
[2026-04-28T11:04:52.533Z] Auth successful session found: {
  "user": {
    "id": "04f5f0e4-4311-4313-92b7-33fd0167a565",
    "type": "customer",
    "email": "ganeshsanjay8880@gmail.com",
    "name": "Sanjay"
  }
}
[2026-04-28T11:05:52.357Z] Auth attempt: {
  "hasHeader": true,
  "cookieNames": [
    "seller_token",
    "customer_token",
    "rzp_unified_session_id"
  ],
  "uniqueTokensFound": 2,
  "allowedRoles": [
    "customer",
    "admin",
    "super_admin"
  ]
}
[2026-04-28T11:05:52.623Z] Auth successful session found: {
  "user": {
    "id": "04f5f0e4-4311-4313-92b7-33fd0167a565",
    "type": "customer",
    "email": "ganeshsanjay8880@gmail.com",
    "name": "Sanjay"
  }
}
[2026-04-28T11:06:53.205Z] Auth attempt: {
  "hasHeader": true,
  "cookieNames": [
    "seller_token",
    "customer_token",
    "rzp_unified_session_id"
  ],
  "uniqueTokensFound": 2,
  "allowedRoles": [
    "customer",
    "admin",
    "super_admin"
  ]
}
[2026-04-28T11:06:54.300Z] Auth successful session found: {
  "user": {
    "id": "04f5f0e4-4311-4313-92b7-33fd0167a565",
    "type": "customer",
    "email": "ganeshsanjay8880@gmail.com",
    "name": "Sanjay"
  }
}
[2026-04-28T11:07:52.357Z] Auth attempt: {
  "hasHeader": true,
  "cookieNames": [
    "seller_token",
    "customer_token",
    "rzp_unified_session_id"
  ],
  "uniqueTokensFound": 2,
  "allowedRoles": [
    "customer",
    "admin",
    "super_admin"
  ]
}
[2026-04-28T11:07:52.492Z] Auth successful session found: {
  "user": {
    "id": "04f5f0e4-4311-4313-92b7-33fd0167a565",
    "type": "customer",
    "email": "ganeshsanjay8880@gmail.com",
    "name": "Sanjay"
  }
}
[2026-04-28T11:09:21.466Z] Auth attempt: {
  "hasHeader": true,
  "cookieNames": [
    "seller_token",
    "customer_token",
    "rzp_unified_session_id"
  ],
  "uniqueTokensFound": 2,
  "allowedRoles": [
    "customer",
    "admin",
    "super_admin"
  ]
}
[2026-04-28T11:09:21.596Z] Auth successful session found: {
  "user": {
    "id": "04f5f0e4-4311-4313-92b7-33fd0167a565",
    "type": "customer",
    "email": "ganeshsanjay8880@gmail.com",
    "name": "Sanjay"
  }
}
[2026-04-28T11:10:21.413Z] Auth attempt: {
  "hasHeader": true,
  "cookieNames": [
    "seller_token",
    "customer_token",
    "rzp_unified_session_id"
  ],
  "uniqueTokensFound": 2,
  "allowedRoles": [
    "customer",
    "admin",
    "super_admin"
  ]
}
[2026-04-28T11:10:21.630Z] Auth successful session found: {
  "user": {
    "id": "04f5f0e4-4311-4313-92b7-33fd0167a565",
    "type": "customer",
    "email": "ganeshsanjay8880@gmail.com",
    "name": "Sanjay"
  }
}
[2026-04-28T11:11:14.012Z] Auth attempt: {
  "hasHeader": true,
  "cookieNames": [
    "seller_token",
    "customer_token",
    "rzp_unified_session_id"
  ],
  "uniqueTokensFound": 2,
  "allowedRoles": [
    "customer",
    "admin",
    "super_admin"
  ]
}
[2026-04-28T11:11:14.265Z] Auth successful session found: {
  "user": {
    "id": "04f5f0e4-4311-4313-92b7-33fd0167a565",
    "type": "customer",
    "email": null,
    "name": null
  }
}
[2026-04-28T11:11:18.008Z] Auth attempt: {
  "hasHeader": true,
  "cookieNames": [
    "seller_token",
    "customer_token",
    "rzp_unified_session_id"
  ],
  "uniqueTokensFound": 2,
  "allowedRoles": [
    "customer",
    "admin",
    "super_admin"
  ]
}
[2026-04-28T11:11:18.035Z] Auth successful session found: {
  "user": {
    "id": "04f5f0e4-4311-4313-92b7-33fd0167a565",
    "type": "customer",
    "email": null,
    "name": null
  }
}
[2026-04-28T11:11:18.097Z] Auth attempt: {
  "hasHeader": true,
  "cookieNames": [
    "seller_token",
    "customer_token",
    "rzp_unified_session_id"
  ],
  "uniqueTokensFound": 2,
  "allowedRoles": [
    "customer",
    "admin",
    "super_admin"
  ]
}
[2026-04-28T11:11:18.104Z] Auth attempt: {
  "hasHeader": true,
  "cookieNames": [
    "seller_token",
    "customer_token",
    "rzp_unified_session_id"
  ],
  "uniqueTokensFound": 2,
  "allowedRoles": [
    "customer",
    "admin",
    "super_admin"
  ]
}
[2026-04-28T11:11:18.117Z] Auth attempt: {
  "hasHeader": true,
  "cookieNames": [
    "seller_token",
    "customer_token",
    "rzp_unified_session_id"
  ],
  "uniqueTokensFound": 2,
  "allowedRoles": [
    "customer",
    "admin",
    "super_admin"
  ]
}
[2026-04-28T11:11:18.145Z] Auth attempt: {
  "hasHeader": true,
  "cookieNames": [
    "seller_token",
    "customer_token",
    "rzp_unified_session_id"
  ],
  "uniqueTokensFound": 2,
  "allowedRoles": [
    "customer",
    "admin",
    "super_admin"
  ]
}
[2026-04-28T11:11:18.152Z] Auth successful session found: {
  "user": {
    "id": "04f5f0e4-4311-4313-92b7-33fd0167a565",
    "type": "customer",
    "email": null,
    "name": null
  }
}
[2026-04-28T11:11:18.327Z] Auth successful session found: {
  "user": {
    "id": "04f5f0e4-4311-4313-92b7-33fd0167a565",
    "type": "customer",
    "email": null,
    "name": null
  }
}
[2026-04-28T11:11:18.363Z] Auth successful session found: {
  "user": {
    "id": "04f5f0e4-4311-4313-92b7-33fd0167a565",
    "type": "customer",
    "email": null,
    "name": null
  }
}
[2026-04-28T11:11:18.402Z] Auth attempt: {
  "hasHeader": true,
  "cookieNames": [
    "seller_token",
    "customer_token",
    "rzp_unified_session_id"
  ],
  "uniqueTokensFound": 2,
  "allowedRoles": [
    "customer",
    "admin",
    "super_admin"
  ]
}
[2026-04-28T11:11:18.410Z] Auth successful session found: {
  "user": {
    "id": "04f5f0e4-4311-4313-92b7-33fd0167a565",
    "type": "customer",
    "email": null,
    "name": null
  }
}
[2026-04-28T11:11:18.413Z] Auth attempt: {
  "hasHeader": true,
  "cookieNames": [
    "seller_token",
    "customer_token",
    "rzp_unified_session_id"
  ],
  "uniqueTokensFound": 2,
  "allowedRoles": [
    "customer",
    "admin",
    "super_admin"
  ]
}
[2026-04-28T11:11:18.422Z] Auth successful session found: {
  "user": {
    "id": "04f5f0e4-4311-4313-92b7-33fd0167a565",
    "type": "customer",
    "email": null,
    "name": null
  }
}
[2026-04-28T11:11:18.424Z] Auth successful session found: {
  "user": {
    "id": "04f5f0e4-4311-4313-92b7-33fd0167a565",
    "type": "customer",
    "email": null,
    "name": null
  }
}
[2026-04-28T11:11:18.890Z] Auth attempt: {
  "hasHeader": true,
  "cookieNames": [
    "seller_token",
    "customer_token",
    "rzp_unified_session_id"
  ],
  "uniqueTokensFound": 2,
  "allowedRoles": [
    "customer",
    "admin",
    "super_admin"
  ]
}
[2026-04-28T11:11:19.249Z] Auth successful session found: {
  "user": {
    "id": "04f5f0e4-4311-4313-92b7-33fd0167a565",
    "type": "customer",
    "email": null,
    "name": null
  }
}
[2026-04-28T11:13:29.716Z] Auth attempt: {
  "hasHeader": true,
  "cookieNames": [
    "seller_token",
    "rzp_unified_session_id",
    "customer_token"
  ],
  "uniqueTokensFound": 2,
  "allowedRoles": [
    "customer",
    "admin",
    "super_admin"
  ]
}
[2026-04-28T11:13:29.865Z] Auth successful session found: {
  "user": {
    "id": "6fc4f08e-684f-4fe5-b3fb-6e9f29b390ac",
    "type": "customer",
    "email": "ganeshsanjay8880@gmail.com",
    "name": "Sanjay"
  }
}
[2026-04-28T11:13:30.043Z] Auth attempt: {
  "hasHeader": true,
  "cookieNames": [
    "seller_token",
    "rzp_unified_session_id",
    "customer_token"
  ],
  "uniqueTokensFound": 2,
  "allowedRoles": [
    "customer",
    "admin",
    "super_admin"
  ]
}
[2026-04-28T11:13:30.050Z] Auth successful session found: {
  "user": {
    "id": "6fc4f08e-684f-4fe5-b3fb-6e9f29b390ac",
    "type": "customer",
    "email": "ganeshsanjay8880@gmail.com",
    "name": "Sanjay"
  }
}
[2026-04-28T11:13:30.066Z] Auth attempt: {
  "hasHeader": true,
  "cookieNames": [
    "seller_token",
    "rzp_unified_session_id",
    "customer_token"
  ],
  "uniqueTokensFound": 2,
  "allowedRoles": [
    "customer",
    "admin",
    "super_admin"
  ]
}
[2026-04-28T11:13:30.073Z] Auth successful session found: {
  "user": {
    "id": "6fc4f08e-684f-4fe5-b3fb-6e9f29b390ac",
    "type": "customer",
    "email": "ganeshsanjay8880@gmail.com",
    "name": "Sanjay"
  }
}
[2026-04-28T11:13:34.649Z] Auth attempt: {
  "hasHeader": true,
  "cookieNames": [
    "seller_token",
    "rzp_unified_session_id",
    "customer_token"
  ],
  "uniqueTokensFound": 2,
  "allowedRoles": [
    "customer",
    "admin",
    "super_admin"
  ]
}
[2026-04-28T11:13:34.655Z] Auth successful session found: {
  "user": {
    "id": "6fc4f08e-684f-4fe5-b3fb-6e9f29b390ac",
    "type": "customer",
    "email": "ganeshsanjay8880@gmail.com",
    "name": "Sanjay"
  }
}
[2026-04-28T11:13:34.662Z] Auth attempt: {
  "hasHeader": true,
  "cookieNames": [
    "seller_token",
    "rzp_unified_session_id",
    "customer_token"
  ],
  "uniqueTokensFound": 2,
  "allowedRoles": [
    "customer",
    "admin",
    "super_admin"
  ]
}
[2026-04-28T11:13:34.669Z] Auth successful session found: {
  "user": {
    "id": "6fc4f08e-684f-4fe5-b3fb-6e9f29b390ac",
    "type": "customer",
    "email": "ganeshsanjay8880@gmail.com",
    "name": "Sanjay"
  }
}
[2026-04-28T11:13:34.893Z] Auth attempt: {
  "hasHeader": true,
  "cookieNames": [
    "seller_token",
    "rzp_unified_session_id",
    "customer_token"
  ],
  "uniqueTokensFound": 2,
  "allowedRoles": [
    "customer"
  ]
}
[2026-04-28T11:13:35.039Z] Auth successful session found: {
  "user": {
    "id": "6fc4f08e-684f-4fe5-b3fb-6e9f29b390ac",
    "type": "customer",
    "email": "ganeshsanjay8880@gmail.com",
    "name": "Sanjay"
  }
}
[2026-04-28T11:13:37.590Z] Auth attempt: {
  "hasHeader": true,
  "cookieNames": [
    "seller_token",
    "rzp_unified_session_id",
    "customer_token"
  ],
  "uniqueTokensFound": 2,
  "allowedRoles": [
    "customer",
    "admin",
    "super_admin"
  ]
}
[2026-04-28T11:13:37.596Z] Auth attempt: {
  "hasHeader": true,
  "cookieNames": [
    "seller_token",
    "rzp_unified_session_id",
    "customer_token"
  ],
  "uniqueTokensFound": 2,
  "allowedRoles": [
    "customer",
    "admin",
    "super_admin"
  ]
}
[2026-04-28T11:13:37.607Z] Auth successful session found: {
  "user": {
    "id": "6fc4f08e-684f-4fe5-b3fb-6e9f29b390ac",
    "type": "customer",
    "email": "ganeshsanjay8880@gmail.com",
    "name": "Sanjay"
  }
}
[2026-04-28T11:13:37.611Z] Auth successful session found: {
  "user": {
    "id": "6fc4f08e-684f-4fe5-b3fb-6e9f29b390ac",
    "type": "customer",
    "email": "ganeshsanjay8880@gmail.com",
    "name": "Sanjay"
  }
}
[2026-04-28T11:13:37.625Z] Auth attempt: {
  "hasHeader": true,
  "cookieNames": [
    "seller_token",
    "rzp_unified_session_id",
    "customer_token"
  ],
  "uniqueTokensFound": 2,
  "allowedRoles": [
    "customer",
    "admin",
    "super_admin"
  ]
}
[2026-04-28T11:13:37.629Z] Auth attempt: {
  "hasHeader": true,
  "cookieNames": [
    "seller_token",
    "rzp_unified_session_id",
    "customer_token"
  ],
  "uniqueTokensFound": 2,
  "allowedRoles": [
    "customer",
    "admin",
    "super_admin"
  ]
}
[2026-04-28T11:13:37.635Z] Auth successful session found: {
  "user": {
    "id": "6fc4f08e-684f-4fe5-b3fb-6e9f29b390ac",
    "type": "customer",
    "email": "ganeshsanjay8880@gmail.com",
    "name": "Sanjay"
  }
}
[2026-04-28T11:13:37.638Z] Auth successful session found: {
  "user": {
    "id": "6fc4f08e-684f-4fe5-b3fb-6e9f29b390ac",
    "type": "customer",
    "email": "ganeshsanjay8880@gmail.com",
    "name": "Sanjay"
  }
}
[2026-04-28T11:13:43.893Z] Auth attempt: {
  "hasHeader": true,
  "cookieNames": [
    "seller_token",
    "rzp_unified_session_id",
    "customer_token"
  ],
  "uniqueTokensFound": 2,
  "allowedRoles": [
    "customer"
  ]
}
[2026-04-28T11:13:43.900Z] Auth successful session found: {
  "user": {
    "id": "6fc4f08e-684f-4fe5-b3fb-6e9f29b390ac",
    "type": "customer",
    "email": "ganeshsanjay8880@gmail.com",
    "name": "Sanjay"
  }
}
[2026-04-28T11:14:38.347Z] Auth attempt: {
  "hasHeader": true,
  "cookieNames": [
    "seller_token",
    "rzp_unified_session_id",
    "customer_token"
  ],
  "uniqueTokensFound": 2,
  "allowedRoles": [
    "customer",
    "admin",
    "super_admin"
  ]
}
[2026-04-28T11:14:38.468Z] Auth successful session found: {
  "user": {
    "id": "6fc4f08e-684f-4fe5-b3fb-6e9f29b390ac",
    "type": "customer",
    "email": "ganeshsanjay8880@gmail.com",
    "name": "Sanjay"
  }
}
[2026-04-28T11:15:00.413Z] Auth attempt: {
  "hasHeader": true,
  "cookieNames": [
    "seller_token",
    "rzp_unified_session_id",
    "customer_token"
  ],
  "uniqueTokensFound": 2,
  "allowedRoles": [
    "customer"
  ]
}
[2026-04-28T11:15:00.507Z] Auth successful session found: {
  "user": {
    "id": "6fc4f08e-684f-4fe5-b3fb-6e9f29b390ac",
    "type": "customer",
    "email": "ganeshsanjay8880@gmail.com",
    "name": "Sanjay"
  }
}
[2026-04-28T11:15:37.606Z] Auth attempt: {
  "hasHeader": true,
  "cookieNames": [
    "seller_token",
    "rzp_unified_session_id",
    "customer_token"
  ],
  "uniqueTokensFound": 2,
  "allowedRoles": [
    "customer",
    "admin",
    "super_admin"
  ]
}
[2026-04-28T11:15:37.801Z] Auth successful session found: {
  "user": {
    "id": "6fc4f08e-684f-4fe5-b3fb-6e9f29b390ac",
    "type": "customer",
    "email": "ganeshsanjay8880@gmail.com",
    "name": "Sanjay"
  }
}
[2026-04-28T11:15:54.322Z] Auth attempt: {
  "hasHeader": true,
  "cookieNames": [
    "seller_token",
    "rzp_unified_session_id",
    "customer_token"
  ],
  "uniqueTokensFound": 2,
  "allowedRoles": [
    "customer",
    "admin",
    "super_admin"
  ]
}
[2026-04-28T11:15:54.422Z] Auth successful session found: {
  "user": {
    "id": "6fc4f08e-684f-4fe5-b3fb-6e9f29b390ac",
    "type": "customer",
    "email": "ganeshsanjay8880@gmail.com",
    "name": "Sanjay"
  }
}
[2026-04-28T11:15:54.460Z] Auth attempt: {
  "hasHeader": true,
  "cookieNames": [
    "seller_token",
    "rzp_unified_session_id",
    "customer_token"
  ],
  "uniqueTokensFound": 2,
  "allowedRoles": [
    "customer",
    "admin",
    "super_admin"
  ]
}
[2026-04-28T11:15:54.473Z] Auth successful session found: {
  "user": {
    "id": "6fc4f08e-684f-4fe5-b3fb-6e9f29b390ac",
    "type": "customer",
    "email": "ganeshsanjay8880@gmail.com",
    "name": "Sanjay"
  }
}
[2026-04-28T11:15:54.621Z] Auth attempt: {
  "hasHeader": true,
  "cookieNames": [
    "seller_token",
    "rzp_unified_session_id",
    "customer_token"
  ],
  "uniqueTokensFound": 2,
  "allowedRoles": [
    "customer",
    "admin",
    "super_admin"
  ]
}
[2026-04-28T11:15:54.628Z] Auth attempt: {
  "hasHeader": true,
  "cookieNames": [
    "seller_token",
    "rzp_unified_session_id",
    "customer_token"
  ],
  "uniqueTokensFound": 2,
  "allowedRoles": [
    "customer",
    "admin",
    "super_admin"
  ]
}
[2026-04-28T11:15:54.644Z] Auth successful session found: {
  "user": {
    "id": "6fc4f08e-684f-4fe5-b3fb-6e9f29b390ac",
    "type": "customer",
    "email": "ganeshsanjay8880@gmail.com",
    "name": "Sanjay"
  }
}
[2026-04-28T11:15:54.693Z] Auth attempt: {
  "hasHeader": true,
  "cookieNames": [
    "seller_token",
    "rzp_unified_session_id",
    "customer_token"
  ],
  "uniqueTokensFound": 2,
  "allowedRoles": [
    "customer",
    "admin",
    "super_admin"
  ]
}
[2026-04-28T11:15:54.702Z] Auth successful session found: {
  "user": {
    "id": "6fc4f08e-684f-4fe5-b3fb-6e9f29b390ac",
    "type": "customer",
    "email": "ganeshsanjay8880@gmail.com",
    "name": "Sanjay"
  }
}
[2026-04-28T11:15:54.718Z] Auth attempt: {
  "hasHeader": true,
  "cookieNames": [
    "seller_token",
    "rzp_unified_session_id",
    "customer_token"
  ],
  "uniqueTokensFound": 2,
  "allowedRoles": [
    "customer",
    "admin",
    "super_admin"
  ]
}
[2026-04-28T11:15:54.725Z] Auth successful session found: {
  "user": {
    "id": "6fc4f08e-684f-4fe5-b3fb-6e9f29b390ac",
    "type": "customer",
    "email": "ganeshsanjay8880@gmail.com",
    "name": "Sanjay"
  }
}
[2026-04-28T11:15:54.756Z] Auth successful session found: {
  "user": {
    "id": "6fc4f08e-684f-4fe5-b3fb-6e9f29b390ac",
    "type": "customer",
    "email": "ganeshsanjay8880@gmail.com",
    "name": "Sanjay"
  }
}
[2026-04-28T11:15:54.771Z] Auth attempt: {
  "hasHeader": true,
  "cookieNames": [
    "seller_token",
    "rzp_unified_session_id",
    "customer_token"
  ],
  "uniqueTokensFound": 2,
  "allowedRoles": [
    "customer",
    "admin",
    "super_admin"
  ]
}
[2026-04-28T11:15:54.776Z] Auth successful session found: {
  "user": {
    "id": "6fc4f08e-684f-4fe5-b3fb-6e9f29b390ac",
    "type": "customer",
    "email": "ganeshsanjay8880@gmail.com",
    "name": "Sanjay"
  }
}
[2026-04-28T11:15:54.790Z] Auth attempt: {
  "hasHeader": true,
  "cookieNames": [
    "seller_token",
    "rzp_unified_session_id",
    "customer_token"
  ],
  "uniqueTokensFound": 2,
  "allowedRoles": [
    "customer",
    "admin",
    "super_admin"
  ]
}
[2026-04-28T11:15:54.797Z] Auth successful session found: {
  "user": {
    "id": "6fc4f08e-684f-4fe5-b3fb-6e9f29b390ac",
    "type": "customer",
    "email": "ganeshsanjay8880@gmail.com",
    "name": "Sanjay"
  }
}
[2026-04-28T11:15:56.664Z] Auth attempt: {
  "hasHeader": true,
  "cookieNames": [
    "seller_token",
    "rzp_unified_session_id",
    "customer_token"
  ],
  "uniqueTokensFound": 2,
  "allowedRoles": [
    "customer",
    "admin",
    "super_admin"
  ]
}
[2026-04-28T11:15:56.670Z] Auth successful session found: {
  "user": {
    "id": "6fc4f08e-684f-4fe5-b3fb-6e9f29b390ac",
    "type": "customer",
    "email": "ganeshsanjay8880@gmail.com",
    "name": "Sanjay"
  }
}
[2026-04-28T11:15:56.695Z] Auth attempt: {
  "hasHeader": true,
  "cookieNames": [
    "seller_token",
    "rzp_unified_session_id",
    "customer_token"
  ],
  "uniqueTokensFound": 2,
  "allowedRoles": [
    "customer",
    "admin",
    "super_admin"
  ]
}
[2026-04-28T11:15:56.708Z] Auth successful session found: {
  "user": {
    "id": "6fc4f08e-684f-4fe5-b3fb-6e9f29b390ac",
    "type": "customer",
    "email": "ganeshsanjay8880@gmail.com",
    "name": "Sanjay"
  }
}
[2026-04-28T11:16:00.151Z] Auth attempt: {
  "hasHeader": true,
  "cookieNames": [
    "seller_token",
    "rzp_unified_session_id",
    "customer_token"
  ],
  "uniqueTokensFound": 2,
  "allowedRoles": [
    "customer",
    "admin",
    "super_admin"
  ]
}
[2026-04-28T11:16:00.157Z] Auth attempt: {
  "hasHeader": true,
  "cookieNames": [
    "seller_token",
    "rzp_unified_session_id",
    "customer_token"
  ],
  "uniqueTokensFound": 2,
  "allowedRoles": [
    "customer",
    "admin",
    "super_admin"
  ]
}
[2026-04-28T11:16:00.194Z] Auth successful session found: {
  "user": {
    "id": "6fc4f08e-684f-4fe5-b3fb-6e9f29b390ac",
    "type": "customer",
    "email": "ganeshsanjay8880@gmail.com",
    "name": "Sanjay"
  }
}
[2026-04-28T11:16:00.208Z] Auth successful session found: {
  "user": {
    "id": "6fc4f08e-684f-4fe5-b3fb-6e9f29b390ac",
    "type": "customer",
    "email": "ganeshsanjay8880@gmail.com",
    "name": "Sanjay"
  }
}
[2026-04-28T11:16:00.229Z] Auth attempt: {
  "hasHeader": true,
  "cookieNames": [
    "seller_token",
    "rzp_unified_session_id",
    "customer_token"
  ],
  "uniqueTokensFound": 2,
  "allowedRoles": [
    "customer",
    "admin",
    "super_admin"
  ]
}
[2026-04-28T11:16:00.259Z] Auth successful session found: {
  "user": {
    "id": "6fc4f08e-684f-4fe5-b3fb-6e9f29b390ac",
    "type": "customer",
    "email": "ganeshsanjay8880@gmail.com",
    "name": "Sanjay"
  }
}
[2026-04-28T11:16:00.263Z] Auth attempt: {
  "hasHeader": true,
  "cookieNames": [
    "seller_token",
    "rzp_unified_session_id",
    "customer_token"
  ],
  "uniqueTokensFound": 2,
  "allowedRoles": [
    "customer",
    "admin",
    "super_admin"
  ]
}
[2026-04-28T11:16:00.281Z] Auth successful session found: {
  "user": {
    "id": "6fc4f08e-684f-4fe5-b3fb-6e9f29b390ac",
    "type": "customer",
    "email": "ganeshsanjay8880@gmail.com",
    "name": "Sanjay"
  }
}
[2026-04-28T11:16:01.640Z] Auth attempt: {
  "hasHeader": true,
  "cookieNames": [
    "seller_token",
    "rzp_unified_session_id",
    "customer_token"
  ],
  "uniqueTokensFound": 2,
  "allowedRoles": [
    "customer",
    "admin",
    "super_admin"
  ]
}
[2026-04-28T11:16:01.676Z] Auth successful session found: {
  "user": {
    "id": "6fc4f08e-684f-4fe5-b3fb-6e9f29b390ac",
    "type": "customer",
    "email": "ganeshsanjay8880@gmail.com",
    "name": "Sanjay"
  }
}
[2026-04-28T11:16:01.688Z] Auth attempt: {
  "hasHeader": true,
  "cookieNames": [
    "seller_token",
    "rzp_unified_session_id",
    "customer_token"
  ],
  "uniqueTokensFound": 2,
  "allowedRoles": [
    "customer"
  ]
}
[2026-04-28T11:16:01.703Z] Auth attempt: {
  "hasHeader": true,
  "cookieNames": [
    "seller_token",
    "rzp_unified_session_id",
    "customer_token"
  ],
  "uniqueTokensFound": 2,
  "allowedRoles": [
    "customer",
    "admin",
    "super_admin"
  ]
}
[2026-04-28T11:16:01.709Z] Auth successful session found: {
  "user": {
    "id": "6fc4f08e-684f-4fe5-b3fb-6e9f29b390ac",
    "type": "customer",
    "email": "ganeshsanjay8880@gmail.com",
    "name": "Sanjay"
  }
}
[2026-04-28T11:16:01.864Z] Auth successful session found: {
  "user": {
    "id": "6fc4f08e-684f-4fe5-b3fb-6e9f29b390ac",
    "type": "customer",
    "email": "ganeshsanjay8880@gmail.com",
    "name": "Sanjay"
  }
}
[2026-04-28T11:17:02.358Z] Auth attempt: {
  "hasHeader": true,
  "cookieNames": [
    "seller_token",
    "rzp_unified_session_id",
    "customer_token"
  ],
  "uniqueTokensFound": 2,
  "allowedRoles": [
    "customer",
    "admin",
    "super_admin"
  ]
}
[2026-04-28T11:17:02.525Z] Auth successful session found: {
  "user": {
    "id": "6fc4f08e-684f-4fe5-b3fb-6e9f29b390ac",
    "type": "customer",
    "email": "ganeshsanjay8880@gmail.com",
    "name": "Sanjay"
  }
}
[2026-04-28T11:17:54.579Z] Auth attempt: {
  "hasHeader": true,
  "cookieNames": [
    "token",
    "rzp_unified_session_id"
  ],
  "uniqueTokensFound": 2,
  "allowedRoles": [
    "admin",
    "super_admin"
  ]
}
[2026-04-28T11:17:54.619Z] Auth attempt: {
  "hasHeader": true,
  "cookieNames": [
    "token",
    "rzp_unified_session_id"
  ],
  "uniqueTokensFound": 2,
  "allowedRoles": [
    "admin",
    "super_admin"
  ]
}
[2026-04-28T11:17:54.625Z] Auth successful session found: {
  "user": {
    "id": "97f114e5-f5c8-4b5d-b6ff-f4700ab1c54e",
    "type": "admin",
    "email": "sanjaygmd01@gmail.com",
    "name": "Sanjay GMD"
  }
}
[2026-04-28T11:17:54.944Z] Auth attempt: {
  "hasHeader": true,
  "cookieNames": [
    "token",
    "rzp_unified_session_id"
  ],
  "uniqueTokensFound": 2,
  "allowedRoles": [
    "admin",
    "super_admin"
  ]
}
[2026-04-28T11:17:54.954Z] Auth successful session found: {
  "user": {
    "id": "97f114e5-f5c8-4b5d-b6ff-f4700ab1c54e",
    "type": "admin",
    "email": "sanjaygmd01@gmail.com",
    "name": "Sanjay GMD"
  }
}
[2026-04-28T11:17:54.976Z] Auth successful session found: {
  "user": {
    "id": "97f114e5-f5c8-4b5d-b6ff-f4700ab1c54e",
    "type": "admin",
    "email": "sanjaygmd01@gmail.com",
    "name": "Sanjay GMD"
  }
}
[2026-04-28T11:17:55.017Z] Auth attempt: {
  "hasHeader": true,
  "cookieNames": [
    "token",
    "rzp_unified_session_id"
  ],
  "uniqueTokensFound": 2,
  "allowedRoles": [
    "admin",
    "super_admin"
  ]
}
[2026-04-28T11:17:55.022Z] Auth successful session found: {
  "user": {
    "id": "97f114e5-f5c8-4b5d-b6ff-f4700ab1c54e",
    "type": "admin",
    "email": "sanjaygmd01@gmail.com",
    "name": "Sanjay GMD"
  }
}
[2026-04-28T11:17:59.831Z] Auth attempt: {
  "hasHeader": true,
  "cookieNames": [
    "token",
    "rzp_unified_session_id"
  ],
  "uniqueTokensFound": 2,
  "allowedRoles": [
    "admin",
    "super_admin"
  ]
}
[2026-04-28T11:17:59.840Z] Auth successful session found: {
  "user": {
    "id": "97f114e5-f5c8-4b5d-b6ff-f4700ab1c54e",
    "type": "admin",
    "email": "sanjaygmd01@gmail.com",
    "name": "Sanjay GMD"
  }
}
[2026-04-28T11:18:00.409Z] Auth attempt: {
  "hasHeader": true,
  "cookieNames": [
    "token",
    "rzp_unified_session_id"
  ],
  "uniqueTokensFound": 2,
  "allowedRoles": [
    "admin",
    "super_admin"
  ]
}
[2026-04-28T11:18:00.423Z] Auth successful session found: {
  "user": {
    "id": "97f114e5-f5c8-4b5d-b6ff-f4700ab1c54e",
    "type": "admin",
    "email": "sanjaygmd01@gmail.com",
    "name": "Sanjay GMD"
  }
}
[2026-04-28T11:18:02.353Z] Auth attempt: {
  "hasHeader": true,
  "cookieNames": [
    "seller_token",
    "rzp_unified_session_id",
    "customer_token"
  ],
  "uniqueTokensFound": 2,
  "allowedRoles": [
    "customer",
    "admin",
    "super_admin"
  ]
}
[2026-04-28T11:18:02.361Z] Auth successful session found: {
  "user": {
    "id": "6fc4f08e-684f-4fe5-b3fb-6e9f29b390ac",
    "type": "customer",
    "email": "ganeshsanjay8880@gmail.com",
    "name": "Sanjay"
  }
}
[2026-04-28T11:19:02.462Z] Auth attempt: {
  "hasHeader": true,
  "cookieNames": [
    "seller_token",
    "rzp_unified_session_id",
    "customer_token"
  ],
  "uniqueTokensFound": 2,
  "allowedRoles": [
    "customer",
    "admin",
    "super_admin"
  ]
}
[2026-04-28T11:19:02.619Z] Auth successful session found: {
  "user": {
    "id": "6fc4f08e-684f-4fe5-b3fb-6e9f29b390ac",
    "type": "customer",
    "email": "ganeshsanjay8880@gmail.com",
    "name": "Sanjay"
  }
}
[2026-04-28T11:20:02.342Z] Auth attempt: {
  "hasHeader": true,
  "cookieNames": [
    "seller_token",
    "rzp_unified_session_id",
    "customer_token"
  ],
  "uniqueTokensFound": 2,
  "allowedRoles": [
    "customer",
    "admin",
    "super_admin"
  ]
}
[2026-04-28T11:20:02.435Z] Auth successful session found: {
  "user": {
    "id": "6fc4f08e-684f-4fe5-b3fb-6e9f29b390ac",
    "type": "customer",
    "email": "ganeshsanjay8880@gmail.com",
    "name": "Sanjay"
  }
}
[2026-04-28T11:21:02.370Z] Auth attempt: {
  "hasHeader": true,
  "cookieNames": [
    "seller_token",
    "rzp_unified_session_id",
    "customer_token"
  ],
  "uniqueTokensFound": 2,
  "allowedRoles": [
    "customer",
    "admin",
    "super_admin"
  ]
}
[2026-04-28T11:21:02.402Z] Auth successful session found: {
  "user": {
    "id": "6fc4f08e-684f-4fe5-b3fb-6e9f29b390ac",
    "type": "customer",
    "email": "ganeshsanjay8880@gmail.com",
    "name": "Sanjay"
  }
}
[2026-04-28T11:22:02.349Z] Auth attempt: {
  "hasHeader": true,
  "cookieNames": [
    "seller_token",
    "rzp_unified_session_id",
    "customer_token"
  ],
  "uniqueTokensFound": 2,
  "allowedRoles": [
    "customer",
    "admin",
    "super_admin"
  ]
}
[2026-04-28T11:22:02.416Z] Auth successful session found: {
  "user": {
    "id": "6fc4f08e-684f-4fe5-b3fb-6e9f29b390ac",
    "type": "customer",
    "email": "ganeshsanjay8880@gmail.com",
    "name": "Sanjay"
  }
}
[2026-04-28T11:24:02.387Z] Auth attempt: {
  "hasHeader": true,
  "cookieNames": [
    "seller_token",
    "rzp_unified_session_id",
    "customer_token"
  ],
  "uniqueTokensFound": 2,
  "allowedRoles": [
    "customer",
    "admin",
    "super_admin"
  ]
}
[2026-04-28T11:24:02.428Z] Auth successful session found: {
  "user": {
    "id": "6fc4f08e-684f-4fe5-b3fb-6e9f29b390ac",
    "type": "customer",
    "email": "ganeshsanjay8880@gmail.com",
    "name": "Sanjay"
  }
}
[2026-04-28T11:25:02.347Z] Auth attempt: {
  "hasHeader": true,
  "cookieNames": [
    "seller_token",
    "rzp_unified_session_id",
    "customer_token"
  ],
  "uniqueTokensFound": 2,
  "allowedRoles": [
    "customer",
    "admin",
    "super_admin"
  ]
}
[2026-04-28T11:25:02.465Z] Auth successful session found: {
  "user": {
    "id": "6fc4f08e-684f-4fe5-b3fb-6e9f29b390ac",
    "type": "customer",
    "email": "ganeshsanjay8880@gmail.com",
    "name": "Sanjay"
  }
}
[2026-04-28T11:25:11.374Z] Auth attempt: {
  "hasHeader": true,
  "cookieNames": [
    "seller_token",
    "rzp_unified_session_id",
    "customer_token"
  ],
  "uniqueTokensFound": 2,
  "allowedRoles": [
    "customer",
    "admin",
    "super_admin"
  ]
}
[2026-04-28T11:25:11.385Z] Auth successful session found: {
  "user": {
    "id": "6fc4f08e-684f-4fe5-b3fb-6e9f29b390ac",
    "type": "customer",
    "email": "ganeshsanjay8880@gmail.com",
    "name": "Sanjay"
  }
}
[2026-04-28T11:25:11.396Z] Auth attempt: {
  "hasHeader": true,
  "cookieNames": [
    "seller_token",
    "rzp_unified_session_id",
    "customer_token"
  ],
  "uniqueTokensFound": 2,
  "allowedRoles": [
    "customer",
    "admin",
    "super_admin"
  ]
}
[2026-04-28T11:25:11.408Z] Auth attempt: {
  "hasHeader": true,
  "cookieNames": [
    "seller_token",
    "rzp_unified_session_id",
    "customer_token"
  ],
  "uniqueTokensFound": 2,
  "allowedRoles": [
    "customer",
    "admin",
    "super_admin"
  ]
}
[2026-04-28T11:25:11.413Z] Auth successful session found: {
  "user": {
    "id": "6fc4f08e-684f-4fe5-b3fb-6e9f29b390ac",
    "type": "customer",
    "email": "ganeshsanjay8880@gmail.com",
    "name": "Sanjay"
  }
}
[2026-04-28T11:25:11.451Z] Auth successful session found: {
  "user": {
    "id": "6fc4f08e-684f-4fe5-b3fb-6e9f29b390ac",
    "type": "customer",
    "email": "ganeshsanjay8880@gmail.com",
    "name": "Sanjay"
  }
}
[2026-04-28T11:25:11.458Z] Auth attempt: {
  "hasHeader": true,
  "cookieNames": [
    "seller_token",
    "rzp_unified_session_id",
    "customer_token"
  ],
  "uniqueTokensFound": 2,
  "allowedRoles": [
    "customer",
    "admin",
    "super_admin"
  ]
}
[2026-04-28T11:25:11.462Z] Auth successful session found: {
  "user": {
    "id": "6fc4f08e-684f-4fe5-b3fb-6e9f29b390ac",
    "type": "customer",
    "email": "ganeshsanjay8880@gmail.com",
    "name": "Sanjay"
  }
}
[2026-04-28T11:25:42.011Z] Auth attempt: {
  "hasHeader": true,
  "cookieNames": [
    "seller_token",
    "rzp_unified_session_id",
    "customer_token"
  ],
  "uniqueTokensFound": 2,
  "allowedRoles": [
    "customer"
  ]
}
[2026-04-28T11:25:42.055Z] Auth successful session found: {
  "user": {
    "id": "6fc4f08e-684f-4fe5-b3fb-6e9f29b390ac",
    "type": "customer",
    "email": "ganeshsanjay8880@gmail.com",
    "name": "Sanjay"
  }
}
[2026-04-28T11:25:49.941Z] Auth attempt: {
  "hasHeader": true,
  "cookieNames": [
    "seller_token",
    "rzp_unified_session_id",
    "customer_token"
  ],
  "uniqueTokensFound": 2,
  "allowedRoles": [
    "customer",
    "admin",
    "super_admin"
  ]
}
[2026-04-28T11:25:49.950Z] Auth attempt: {
  "hasHeader": true,
  "cookieNames": [
    "seller_token",
    "rzp_unified_session_id",
    "customer_token"
  ],
  "uniqueTokensFound": 2,
  "allowedRoles": [
    "customer",
    "admin",
    "super_admin"
  ]
}
[2026-04-28T11:25:49.962Z] Auth attempt: {
  "hasHeader": true,
  "cookieNames": [
    "seller_token",
    "rzp_unified_session_id",
    "customer_token"
  ],
  "uniqueTokensFound": 2,
  "allowedRoles": [
    "customer",
    "admin",
    "super_admin"
  ]
}
[2026-04-28T11:25:49.972Z] Auth attempt: {
  "hasHeader": true,
  "cookieNames": [
    "seller_token",
    "rzp_unified_session_id",
    "customer_token"
  ],
  "uniqueTokensFound": 2,
  "allowedRoles": [
    "customer",
    "admin",
    "super_admin"
  ]
}
[2026-04-28T11:25:49.981Z] Auth successful session found: {
  "user": {
    "id": "6fc4f08e-684f-4fe5-b3fb-6e9f29b390ac",
    "type": "customer",
    "email": "ganeshsanjay8880@gmail.com",
    "name": "Sanjay"
  }
}
[2026-04-28T11:25:50.006Z] Auth successful session found: {
  "user": {
    "id": "6fc4f08e-684f-4fe5-b3fb-6e9f29b390ac",
    "type": "customer",
    "email": "ganeshsanjay8880@gmail.com",
    "name": "Sanjay"
  }
}
[2026-04-28T11:25:50.011Z] Auth attempt: {
  "hasHeader": true,
  "cookieNames": [
    "seller_token",
    "rzp_unified_session_id",
    "customer_token"
  ],
  "uniqueTokensFound": 2,
  "allowedRoles": [
    "customer",
    "admin",
    "super_admin"
  ]
}
[2026-04-28T11:25:50.024Z] Auth successful session found: {
  "user": {
    "id": "6fc4f08e-684f-4fe5-b3fb-6e9f29b390ac",
    "type": "customer",
    "email": "ganeshsanjay8880@gmail.com",
    "name": "Sanjay"
  }
}
[2026-04-28T11:25:50.034Z] Auth attempt: {
  "hasHeader": true,
  "cookieNames": [
    "seller_token",
    "rzp_unified_session_id",
    "customer_token"
  ],
  "uniqueTokensFound": 2,
  "allowedRoles": [
    "customer",
    "admin",
    "super_admin"
  ]
}
[2026-04-28T11:25:50.069Z] Auth successful session found: {
  "user": {
    "id": "6fc4f08e-684f-4fe5-b3fb-6e9f29b390ac",
    "type": "customer",
    "email": "ganeshsanjay8880@gmail.com",
    "name": "Sanjay"
  }
}
[2026-04-28T11:25:50.137Z] Auth successful session found: {
  "user": {
    "id": "6fc4f08e-684f-4fe5-b3fb-6e9f29b390ac",
    "type": "customer",
    "email": "ganeshsanjay8880@gmail.com",
    "name": "Sanjay"
  }
}
[2026-04-28T11:25:50.163Z] Auth successful session found: {
  "user": {
    "id": "6fc4f08e-684f-4fe5-b3fb-6e9f29b390ac",
    "type": "customer",
    "email": "ganeshsanjay8880@gmail.com",
    "name": "Sanjay"
  }
}
[2026-04-28T11:25:50.170Z] Auth attempt: {
  "hasHeader": true,
  "cookieNames": [
    "seller_token",
    "rzp_unified_session_id",
    "customer_token"
  ],
  "uniqueTokensFound": 2,
  "allowedRoles": [
    "customer",
    "admin",
    "super_admin"
  ]
}
[2026-04-28T11:25:50.175Z] Auth successful session found: {
  "user": {
    "id": "6fc4f08e-684f-4fe5-b3fb-6e9f29b390ac",
    "type": "customer",
    "email": "ganeshsanjay8880@gmail.com",
    "name": "Sanjay"
  }
}
[2026-04-28T11:25:50.484Z] Auth attempt: {
  "hasHeader": true,
  "cookieNames": [
    "seller_token",
    "rzp_unified_session_id",
    "customer_token"
  ],
  "uniqueTokensFound": 2,
  "allowedRoles": [
    "customer",
    "admin",
    "super_admin"
  ]
}
[2026-04-28T11:25:50.685Z] Auth successful session found: {
  "user": {
    "id": "6fc4f08e-684f-4fe5-b3fb-6e9f29b390ac",
    "type": "customer",
    "email": "ganeshsanjay8880@gmail.com",
    "name": "Sanjay"
  }
}
[2026-04-28T11:26:01.590Z] Auth attempt: {
  "hasHeader": true,
  "cookieNames": [
    "seller_token",
    "rzp_unified_session_id",
    "customer_token"
  ],
  "uniqueTokensFound": 2,
  "allowedRoles": [
    "customer",
    "admin",
    "super_admin"
  ]
}
[2026-04-28T11:26:01.669Z] Auth successful session found: {
  "user": {
    "id": "6fc4f08e-684f-4fe5-b3fb-6e9f29b390ac",
    "type": "customer",
    "email": "ganeshsanjay8880@gmail.com",
    "name": "Sanjay"
  }
}
[2026-04-28T11:26:03.307Z] Auth attempt: {
  "hasHeader": true,
  "cookieNames": [
    "seller_token",
    "rzp_unified_session_id",
    "customer_token"
  ],
  "uniqueTokensFound": 2,
  "allowedRoles": [
    "customer",
    "admin",
    "super_admin"
  ]
}
[2026-04-28T11:26:03.315Z] Auth successful session found: {
  "user": {
    "id": "6fc4f08e-684f-4fe5-b3fb-6e9f29b390ac",
    "type": "customer",
    "email": "ganeshsanjay8880@gmail.com",
    "name": "Sanjay"
  }
}
[2026-04-28T11:26:03.330Z] Auth attempt: {
  "hasHeader": true,
  "cookieNames": [
    "seller_token",
    "rzp_unified_session_id",
    "customer_token"
  ],
  "uniqueTokensFound": 2,
  "allowedRoles": [
    "customer",
    "admin",
    "super_admin"
  ]
}
[2026-04-28T11:26:03.335Z] Auth successful session found: {
  "user": {
    "id": "6fc4f08e-684f-4fe5-b3fb-6e9f29b390ac",
    "type": "customer",
    "email": "ganeshsanjay8880@gmail.com",
    "name": "Sanjay"
  }
}
[2026-04-28T11:26:03.380Z] Auth attempt: {
  "hasHeader": true,
  "cookieNames": [
    "seller_token",
    "rzp_unified_session_id",
    "customer_token"
  ],
  "uniqueTokensFound": 2,
  "allowedRoles": [
    "customer",
    "admin",
    "super_admin"
  ]
}
[2026-04-28T11:26:03.384Z] Auth attempt: {
  "hasHeader": true,
  "cookieNames": [
    "seller_token",
    "rzp_unified_session_id",
    "customer_token"
  ],
  "uniqueTokensFound": 2,
  "allowedRoles": [
    "customer",
    "admin",
    "super_admin"
  ]
}
[2026-04-28T11:26:03.397Z] Auth successful session found: {
  "user": {
    "id": "6fc4f08e-684f-4fe5-b3fb-6e9f29b390ac",
    "type": "customer",
    "email": "ganeshsanjay8880@gmail.com",
    "name": "Sanjay"
  }
}
[2026-04-28T11:26:03.416Z] Auth attempt: {
  "hasHeader": true,
  "cookieNames": [
    "seller_token",
    "rzp_unified_session_id",
    "customer_token"
  ],
  "uniqueTokensFound": 2,
  "allowedRoles": [
    "customer",
    "admin",
    "super_admin"
  ]
}
[2026-04-28T11:26:03.419Z] Auth successful session found: {
  "user": {
    "id": "6fc4f08e-684f-4fe5-b3fb-6e9f29b390ac",
    "type": "customer",
    "email": "ganeshsanjay8880@gmail.com",
    "name": "Sanjay"
  }
}
[2026-04-28T11:26:03.430Z] Auth attempt: {
  "hasHeader": true,
  "cookieNames": [
    "seller_token",
    "rzp_unified_session_id",
    "customer_token"
  ],
  "uniqueTokensFound": 2,
  "allowedRoles": [
    "customer",
    "admin",
    "super_admin"
  ]
}
[2026-04-28T11:26:03.434Z] Auth successful session found: {
  "user": {
    "id": "6fc4f08e-684f-4fe5-b3fb-6e9f29b390ac",
    "type": "customer",
    "email": "ganeshsanjay8880@gmail.com",
    "name": "Sanjay"
  }
}
[2026-04-28T11:26:03.472Z] Auth successful session found: {
  "user": {
    "id": "6fc4f08e-684f-4fe5-b3fb-6e9f29b390ac",
    "type": "customer",
    "email": "ganeshsanjay8880@gmail.com",
    "name": "Sanjay"
  }
}
[2026-04-28T11:26:03.486Z] Auth attempt: {
  "hasHeader": true,
  "cookieNames": [
    "seller_token",
    "rzp_unified_session_id",
    "customer_token"
  ],
  "uniqueTokensFound": 2,
  "allowedRoles": [
    "customer",
    "admin",
    "super_admin"
  ]
}
[2026-04-28T11:26:03.491Z] Auth successful session found: {
  "user": {
    "id": "6fc4f08e-684f-4fe5-b3fb-6e9f29b390ac",
    "type": "customer",
    "email": "ganeshsanjay8880@gmail.com",
    "name": "Sanjay"
  }
}
[2026-04-28T11:26:03.500Z] Auth attempt: {
  "hasHeader": true,
  "cookieNames": [
    "seller_token",
    "rzp_unified_session_id",
    "customer_token"
  ],
  "uniqueTokensFound": 2,
  "allowedRoles": [
    "customer",
    "admin",
    "super_admin"
  ]
}
[2026-04-28T11:26:03.505Z] Auth successful session found: {
  "user": {
    "id": "6fc4f08e-684f-4fe5-b3fb-6e9f29b390ac",
    "type": "customer",
    "email": "ganeshsanjay8880@gmail.com",
    "name": "Sanjay"
  }
}
[2026-04-28T11:26:04.754Z] Auth attempt: {
  "hasHeader": true,
  "cookieNames": [
    "seller_token",
    "rzp_unified_session_id",
    "customer_token"
  ],
  "uniqueTokensFound": 2,
  "allowedRoles": [
    "customer",
    "admin",
    "super_admin"
  ]
}
[2026-04-28T11:26:04.758Z] Auth successful session found: {
  "user": {
    "id": "6fc4f08e-684f-4fe5-b3fb-6e9f29b390ac",
    "type": "customer",
    "email": "ganeshsanjay8880@gmail.com",
    "name": "Sanjay"
  }
}
[2026-04-28T11:26:04.774Z] Auth attempt: {
  "hasHeader": true,
  "cookieNames": [
    "seller_token",
    "rzp_unified_session_id",
    "customer_token"
  ],
  "uniqueTokensFound": 2,
  "allowedRoles": [
    "customer",
    "admin",
    "super_admin"
  ]
}
[2026-04-28T11:26:04.786Z] Auth successful session found: {
  "user": {
    "id": "6fc4f08e-684f-4fe5-b3fb-6e9f29b390ac",
    "type": "customer",
    "email": "ganeshsanjay8880@gmail.com",
    "name": "Sanjay"
  }
}
[2026-04-28T11:26:15.028Z] Auth attempt: {
  "hasHeader": true,
  "cookieNames": [
    "token",
    "rzp_unified_session_id"
  ],
  "uniqueTokensFound": 2,
  "allowedRoles": [
    "admin",
    "super_admin"
  ]
}
[2026-04-28T11:26:15.038Z] Auth attempt: {
  "hasHeader": true,
  "cookieNames": [
    "token",
    "rzp_unified_session_id"
  ],
  "uniqueTokensFound": 2,
  "allowedRoles": [
    "admin",
    "super_admin"
  ]
}
[2026-04-28T11:26:15.047Z] Auth attempt: {
  "hasHeader": true,
  "cookieNames": [
    "token",
    "rzp_unified_session_id"
  ],
  "uniqueTokensFound": 2,
  "allowedRoles": [
    "customer",
    "admin",
    "super_admin"
  ]
}
[2026-04-28T11:26:15.051Z] Auth attempt: {
  "hasHeader": true,
  "cookieNames": [
    "token",
    "rzp_unified_session_id"
  ],
  "uniqueTokensFound": 2,
  "allowedRoles": [
    "customer",
    "admin",
    "super_admin"
  ]
}
[2026-04-28T11:26:15.179Z] Auth successful session found: {
  "user": {
    "id": "97f114e5-f5c8-4b5d-b6ff-f4700ab1c54e",
    "type": "admin",
    "email": "sanjaygmd01@gmail.com",
    "name": "Sanjay GMD"
  }
}
[2026-04-28T11:26:15.204Z] Auth successful session found: {
  "user": {
    "id": "97f114e5-f5c8-4b5d-b6ff-f4700ab1c54e",
    "type": "admin",
    "email": "sanjaygmd01@gmail.com",
    "name": "Sanjay GMD"
  }
}
[2026-04-28T11:26:15.220Z] Auth attempt: {
  "hasHeader": true,
  "cookieNames": [
    "token",
    "rzp_unified_session_id"
  ],
  "uniqueTokensFound": 2,
  "allowedRoles": [
    "admin",
    "super_admin"
  ]
}
[2026-04-28T11:26:15.230Z] Auth successful session found: {
  "user": {
    "id": "97f114e5-f5c8-4b5d-b6ff-f4700ab1c54e",
    "type": "admin",
    "email": "sanjaygmd01@gmail.com",
    "name": "Sanjay GMD"
  }
}
[2026-04-28T11:26:15.255Z] Auth successful session found: {
  "user": {
    "id": "04f5f0e4-4311-4313-92b7-33fd0167a565",
    "type": "customer",
    "email": null,
    "name": null
  }
}
[2026-04-28T11:26:15.267Z] Auth successful session found: {
  "user": {
    "id": "04f5f0e4-4311-4313-92b7-33fd0167a565",
    "type": "customer",
    "email": null,
    "name": null
  }
}
[2026-04-28T11:26:15.281Z] Auth attempt: {
  "hasHeader": true,
  "cookieNames": [
    "token",
    "rzp_unified_session_id"
  ],
  "uniqueTokensFound": 2,
  "allowedRoles": [
    "customer",
    "admin",
    "super_admin"
  ]
}
[2026-04-28T11:26:15.285Z] Auth attempt: {
  "hasHeader": true,
  "cookieNames": [
    "token",
    "rzp_unified_session_id"
  ],
  "uniqueTokensFound": 2,
  "allowedRoles": [
    "customer",
    "admin",
    "super_admin"
  ]
}
[2026-04-28T11:26:15.290Z] Auth successful session found: {
  "user": {
    "id": "04f5f0e4-4311-4313-92b7-33fd0167a565",
    "type": "customer",
    "email": null,
    "name": null
  }
}
[2026-04-28T11:26:15.471Z] Auth successful session found: {
  "user": {
    "id": "04f5f0e4-4311-4313-92b7-33fd0167a565",
    "type": "customer",
    "email": null,
    "name": null
  }
}
[2026-04-28T11:26:15.929Z] Auth attempt: {
  "hasHeader": true,
  "cookieNames": [
    "token",
    "rzp_unified_session_id"
  ],
  "uniqueTokensFound": 2,
  "allowedRoles": [
    "admin",
    "super_admin"
  ]
}
[2026-04-28T11:26:15.978Z] Auth successful session found: {
  "user": {
    "id": "97f114e5-f5c8-4b5d-b6ff-f4700ab1c54e",
    "type": "admin",
    "email": "sanjaygmd01@gmail.com",
    "name": "Sanjay GMD"
  }
}
[2026-04-28T11:26:16.824Z] Auth attempt: {
  "hasHeader": true,
  "cookieNames": [
    "token",
    "rzp_unified_session_id"
  ],
  "uniqueTokensFound": 2,
  "allowedRoles": [
    "admin",
    "super_admin"
  ]
}
[2026-04-28T11:26:16.838Z] Auth successful session found: {
  "user": {
    "id": "97f114e5-f5c8-4b5d-b6ff-f4700ab1c54e",
    "type": "admin",
    "email": "sanjaygmd01@gmail.com",
    "name": "Sanjay GMD"
  }
}
[2026-04-28T11:26:16.874Z] Auth attempt: {
  "hasHeader": true,
  "cookieNames": [
    "token",
    "rzp_unified_session_id"
  ],
  "uniqueTokensFound": 2,
  "allowedRoles": [
    "admin",
    "super_admin"
  ]
}
[2026-04-28T11:26:16.883Z] Auth successful session found: {
  "user": {
    "id": "97f114e5-f5c8-4b5d-b6ff-f4700ab1c54e",
    "type": "admin",
    "email": "sanjaygmd01@gmail.com",
    "name": "Sanjay GMD"
  }
}
[2026-04-28T11:26:30.456Z] Auth attempt: {
  "hasHeader": true,
  "cookieNames": [
    "token",
    "rzp_unified_session_id"
  ],
  "uniqueTokensFound": 2,
  "allowedRoles": [
    "admin",
    "super_admin"
  ]
}
[2026-04-28T11:26:30.520Z] Auth successful session found: {
  "user": {
    "id": "97f114e5-f5c8-4b5d-b6ff-f4700ab1c54e",
    "type": "admin",
    "email": "sanjaygmd01@gmail.com",
    "name": "Sanjay GMD"
  }
}
[2026-04-28T11:26:30.666Z] Auth attempt: {
  "hasHeader": true,
  "cookieNames": [
    "token",
    "rzp_unified_session_id"
  ],
  "uniqueTokensFound": 2,
  "allowedRoles": [
    "admin",
    "super_admin"
  ]
}
[2026-04-28T11:26:30.669Z] Auth successful session found: {
  "user": {
    "id": "97f114e5-f5c8-4b5d-b6ff-f4700ab1c54e",
    "type": "admin",
    "email": "sanjaygmd01@gmail.com",
    "name": "Sanjay GMD"
  }
}
[2026-04-28T11:26:38.245Z] Auth attempt: {
  "hasHeader": true,
  "cookieNames": [
    "token",
    "rzp_unified_session_id"
  ],
  "uniqueTokensFound": 2,
  "allowedRoles": [
    "admin",
    "super_admin"
  ]
}
[2026-04-28T11:26:38.248Z] Auth successful session found: {
  "user": {
    "id": "97f114e5-f5c8-4b5d-b6ff-f4700ab1c54e",
    "type": "admin",
    "email": "sanjaygmd01@gmail.com",
    "name": "Sanjay GMD"
  }
}
[2026-04-28T11:26:38.413Z] Auth attempt: {
  "hasHeader": true,
  "cookieNames": [
    "token",
    "rzp_unified_session_id"
  ],
  "uniqueTokensFound": 2,
  "allowedRoles": [
    "admin",
    "super_admin"
  ]
}
[2026-04-28T11:26:38.420Z] Auth successful session found: {
  "user": {
    "id": "97f114e5-f5c8-4b5d-b6ff-f4700ab1c54e",
    "type": "admin",
    "email": "sanjaygmd01@gmail.com",
    "name": "Sanjay GMD"
  }
}
[2026-04-28T11:26:39.200Z] Auth attempt: {
  "hasHeader": true,
  "cookieNames": [
    "token",
    "rzp_unified_session_id"
  ],
  "uniqueTokensFound": 2,
  "allowedRoles": [
    "admin",
    "super_admin"
  ]
}
[2026-04-28T11:26:39.207Z] Auth successful session found: {
  "user": {
    "id": "97f114e5-f5c8-4b5d-b6ff-f4700ab1c54e",
    "type": "admin",
    "email": "sanjaygmd01@gmail.com",
    "name": "Sanjay GMD"
  }
}
[2026-04-28T11:26:39.226Z] Auth attempt: {
  "hasHeader": true,
  "cookieNames": [
    "token",
    "rzp_unified_session_id"
  ],
  "uniqueTokensFound": 2,
  "allowedRoles": [
    "admin",
    "super_admin"
  ]
}
[2026-04-28T11:26:39.231Z] Auth successful session found: {
  "user": {
    "id": "97f114e5-f5c8-4b5d-b6ff-f4700ab1c54e",
    "type": "admin",
    "email": "sanjaygmd01@gmail.com",
    "name": "Sanjay GMD"
  }
}
[2026-04-28T11:26:42.338Z] Auth attempt: {
  "hasHeader": true,
  "cookieNames": [
    "token",
    "rzp_unified_session_id"
  ],
  "uniqueTokensFound": 2,
  "allowedRoles": [
    "admin",
    "super_admin"
  ]
}
[2026-04-28T11:26:42.348Z] Auth successful session found: {
  "user": {
    "id": "97f114e5-f5c8-4b5d-b6ff-f4700ab1c54e",
    "type": "admin",
    "email": "sanjaygmd01@gmail.com",
    "name": "Sanjay GMD"
  }
}
[2026-04-28T11:26:42.423Z] Auth attempt: {
  "hasHeader": true,
  "cookieNames": [
    "token",
    "rzp_unified_session_id"
  ],
  "uniqueTokensFound": 2,
  "allowedRoles": [
    "admin",
    "super_admin"
  ]
}
[2026-04-28T11:26:42.434Z] Auth successful session found: {
  "user": {
    "id": "97f114e5-f5c8-4b5d-b6ff-f4700ab1c54e",
    "type": "admin",
    "email": "sanjaygmd01@gmail.com",
    "name": "Sanjay GMD"
  }
}
[2026-04-28T11:26:46.048Z] Auth attempt: {
  "hasHeader": true,
  "cookieNames": [
    "token",
    "rzp_unified_session_id"
  ],
  "uniqueTokensFound": 2,
  "allowedRoles": [
    "admin",
    "super_admin"
  ]
}
[2026-04-28T11:26:46.052Z] Auth successful session found: {
  "user": {
    "id": "97f114e5-f5c8-4b5d-b6ff-f4700ab1c54e",
    "type": "admin",
    "email": "sanjaygmd01@gmail.com",
    "name": "Sanjay GMD"
  }
}
[2026-04-28T11:26:46.064Z] Auth attempt: {
  "hasHeader": true,
  "cookieNames": [
    "token",
    "rzp_unified_session_id"
  ],
  "uniqueTokensFound": 2,
  "allowedRoles": [
    "admin",
    "super_admin"
  ]
}
[2026-04-28T11:26:46.068Z] Auth successful session found: {
  "user": {
    "id": "97f114e5-f5c8-4b5d-b6ff-f4700ab1c54e",
    "type": "admin",
    "email": "sanjaygmd01@gmail.com",
    "name": "Sanjay GMD"
  }
}
[2026-04-28T11:26:47.580Z] Auth attempt: {
  "hasHeader": true,
  "cookieNames": [
    "token",
    "rzp_unified_session_id"
  ],
  "uniqueTokensFound": 2,
  "allowedRoles": [
    "admin",
    "super_admin"
  ]
}
[2026-04-28T11:26:47.582Z] Auth successful session found: {
  "user": {
    "id": "97f114e5-f5c8-4b5d-b6ff-f4700ab1c54e",
    "type": "admin",
    "email": "sanjaygmd01@gmail.com",
    "name": "Sanjay GMD"
  }
}
[2026-04-28T11:26:47.601Z] Auth attempt: {
  "hasHeader": true,
  "cookieNames": [
    "token",
    "rzp_unified_session_id"
  ],
  "uniqueTokensFound": 2,
  "allowedRoles": [
    "admin",
    "super_admin"
  ]
}
[2026-04-28T11:26:47.612Z] Auth successful session found: {
  "user": {
    "id": "97f114e5-f5c8-4b5d-b6ff-f4700ab1c54e",
    "type": "admin",
    "email": "sanjaygmd01@gmail.com",
    "name": "Sanjay GMD"
  }
}
[2026-04-28T11:26:48.914Z] Auth attempt: {
  "hasHeader": true,
  "cookieNames": [
    "token",
    "rzp_unified_session_id"
  ],
  "uniqueTokensFound": 2,
  "allowedRoles": [
    "admin",
    "super_admin"
  ]
}
[2026-04-28T11:26:48.918Z] Auth successful session found: {
  "user": {
    "id": "97f114e5-f5c8-4b5d-b6ff-f4700ab1c54e",
    "type": "admin",
    "email": "sanjaygmd01@gmail.com",
    "name": "Sanjay GMD"
  }
}
[2026-04-28T11:26:48.928Z] Auth attempt: {
  "hasHeader": true,
  "cookieNames": [
    "token",
    "rzp_unified_session_id"
  ],
  "uniqueTokensFound": 2,
  "allowedRoles": [
    "admin",
    "super_admin"
  ]
}
[2026-04-28T11:26:48.931Z] Auth successful session found: {
  "user": {
    "id": "97f114e5-f5c8-4b5d-b6ff-f4700ab1c54e",
    "type": "admin",
    "email": "sanjaygmd01@gmail.com",
    "name": "Sanjay GMD"
  }
}
[2026-04-28T11:26:52.328Z] Auth attempt: {
  "hasHeader": true,
  "cookieNames": [
    "token",
    "rzp_unified_session_id"
  ],
  "uniqueTokensFound": 2,
  "allowedRoles": [
    "admin",
    "super_admin"
  ]
}
[2026-04-28T11:26:52.333Z] Auth successful session found: {
  "user": {
    "id": "97f114e5-f5c8-4b5d-b6ff-f4700ab1c54e",
    "type": "admin",
    "email": "sanjaygmd01@gmail.com",
    "name": "Sanjay GMD"
  }
}
[2026-04-28T11:26:52.400Z] Auth attempt: {
  "hasHeader": true,
  "cookieNames": [
    "token",
    "rzp_unified_session_id"
  ],
  "uniqueTokensFound": 2,
  "allowedRoles": [
    "admin",
    "super_admin"
  ]
}
[2026-04-28T11:26:52.405Z] Auth successful session found: {
  "user": {
    "id": "97f114e5-f5c8-4b5d-b6ff-f4700ab1c54e",
    "type": "admin",
    "email": "sanjaygmd01@gmail.com",
    "name": "Sanjay GMD"
  }
}
[2026-04-28T11:26:54.354Z] Auth attempt: {
  "hasHeader": true,
  "cookieNames": [
    "token",
    "rzp_unified_session_id"
  ],
  "uniqueTokensFound": 2,
  "allowedRoles": [
    "admin",
    "super_admin"
  ]
}
[2026-04-28T11:26:54.357Z] Auth successful session found: {
  "user": {
    "id": "97f114e5-f5c8-4b5d-b6ff-f4700ab1c54e",
    "type": "admin",
    "email": "sanjaygmd01@gmail.com",
    "name": "Sanjay GMD"
  }
}
[2026-04-28T11:26:54.364Z] Auth attempt: {
  "hasHeader": true,
  "cookieNames": [
    "token",
    "rzp_unified_session_id"
  ],
  "uniqueTokensFound": 2,
  "allowedRoles": [
    "admin",
    "super_admin"
  ]
}
[2026-04-28T11:26:54.368Z] Auth successful session found: {
  "user": {
    "id": "97f114e5-f5c8-4b5d-b6ff-f4700ab1c54e",
    "type": "admin",
    "email": "sanjaygmd01@gmail.com",
    "name": "Sanjay GMD"
  }
}
[2026-04-28T11:27:01.681Z] Auth attempt: {
  "hasHeader": true,
  "cookieNames": [
    "token",
    "rzp_unified_session_id"
  ],
  "uniqueTokensFound": 2,
  "allowedRoles": [
    "admin",
    "super_admin"
  ]
}
[2026-04-28T11:27:01.683Z] Auth successful session found: {
  "user": {
    "id": "97f114e5-f5c8-4b5d-b6ff-f4700ab1c54e",
    "type": "admin",
    "email": "sanjaygmd01@gmail.com",
    "name": "Sanjay GMD"
  }
}
[2026-04-28T11:27:01.701Z] Auth attempt: {
  "hasHeader": true,
  "cookieNames": [
    "token",
    "rzp_unified_session_id"
  ],
  "uniqueTokensFound": 2,
  "allowedRoles": [
    "admin",
    "super_admin"
  ]
}
[2026-04-28T11:27:01.705Z] Auth successful session found: {
  "user": {
    "id": "97f114e5-f5c8-4b5d-b6ff-f4700ab1c54e",
    "type": "admin",
    "email": "sanjaygmd01@gmail.com",
    "name": "Sanjay GMD"
  }
}
[2026-04-28T11:27:09.438Z] Auth attempt: {
  "hasHeader": true,
  "cookieNames": [
    "token",
    "rzp_unified_session_id"
  ],
  "uniqueTokensFound": 2,
  "allowedRoles": [
    "admin",
    "super_admin"
  ]
}
[2026-04-28T11:27:09.442Z] Auth successful session found: {
  "user": {
    "id": "97f114e5-f5c8-4b5d-b6ff-f4700ab1c54e",
    "type": "admin",
    "email": "sanjaygmd01@gmail.com",
    "name": "Sanjay GMD"
  }
}
[2026-04-28T11:27:09.485Z] Auth attempt: {
  "hasHeader": true,
  "cookieNames": [
    "token",
    "rzp_unified_session_id"
  ],
  "uniqueTokensFound": 2,
  "allowedRoles": [
    "admin",
    "super_admin"
  ]
}
[2026-04-28T11:27:09.489Z] Auth successful session found: {
  "user": {
    "id": "97f114e5-f5c8-4b5d-b6ff-f4700ab1c54e",
    "type": "admin",
    "email": "sanjaygmd01@gmail.com",
    "name": "Sanjay GMD"
  }
}
[2026-04-28T11:27:24.603Z] Auth attempt: {
  "hasHeader": true,
  "cookieNames": [
    "token",
    "rzp_unified_session_id"
  ],
  "uniqueTokensFound": 2,
  "allowedRoles": [
    "customer",
    "seller",
    "admin",
    "super_admin"
  ]
}
[2026-04-28T11:27:24.650Z] Auth successful session found: {
  "user": {
    "id": "04f5f0e4-4311-4313-92b7-33fd0167a565",
    "type": "customer",
    "email": null,
    "name": null
  }
}
[2026-04-28T11:27:25.331Z] Auth attempt: {
  "hasHeader": true,
  "cookieNames": [
    "token",
    "rzp_unified_session_id"
  ],
  "uniqueTokensFound": 2,
  "allowedRoles": [
    "customer",
    "seller",
    "admin",
    "super_admin"
  ]
}
[2026-04-28T11:27:25.335Z] Auth successful session found: {
  "user": {
    "id": "04f5f0e4-4311-4313-92b7-33fd0167a565",
    "type": "customer",
    "email": null,
    "name": null
  }
}
[2026-04-28T11:27:26.593Z] Auth attempt: {
  "hasHeader": true,
  "cookieNames": [
    "token",
    "rzp_unified_session_id"
  ],
  "uniqueTokensFound": 2,
  "allowedRoles": [
    "customer",
    "seller",
    "admin",
    "super_admin"
  ]
}
[2026-04-28T11:27:26.597Z] Auth successful session found: {
  "user": {
    "id": "04f5f0e4-4311-4313-92b7-33fd0167a565",
    "type": "customer",
    "email": null,
    "name": null
  }
}
[2026-04-28T11:27:27.400Z] Auth attempt: {
  "hasHeader": true,
  "cookieNames": [
    "token",
    "rzp_unified_session_id"
  ],
  "uniqueTokensFound": 2,
  "allowedRoles": [
    "customer",
    "seller",
    "admin",
    "super_admin"
  ]
}
[2026-04-28T11:27:27.403Z] Auth successful session found: {
  "user": {
    "id": "04f5f0e4-4311-4313-92b7-33fd0167a565",
    "type": "customer",
    "email": null,
    "name": null
  }
}
[2026-04-28T11:27:29.121Z] Auth attempt: {
  "hasHeader": true,
  "cookieNames": [
    "token",
    "rzp_unified_session_id"
  ],
  "uniqueTokensFound": 2,
  "allowedRoles": [
    "customer",
    "seller",
    "admin",
    "super_admin"
  ]
}
[2026-04-28T11:27:29.125Z] Auth successful session found: {
  "user": {
    "id": "04f5f0e4-4311-4313-92b7-33fd0167a565",
    "type": "customer",
    "email": null,
    "name": null
  }
}
[2026-04-28T11:27:29.893Z] Auth attempt: {
  "hasHeader": true,
  "cookieNames": [
    "token",
    "rzp_unified_session_id"
  ],
  "uniqueTokensFound": 2,
  "allowedRoles": [
    "customer",
    "seller",
    "admin",
    "super_admin"
  ]
}
[2026-04-28T11:27:29.896Z] Auth successful session found: {
  "user": {
    "id": "04f5f0e4-4311-4313-92b7-33fd0167a565",
    "type": "customer",
    "email": null,
    "name": null
  }
}
[2026-04-28T11:27:30.652Z] Auth attempt: {
  "hasHeader": true,
  "cookieNames": [
    "token",
    "rzp_unified_session_id"
  ],
  "uniqueTokensFound": 2,
  "allowedRoles": [
    "customer",
    "seller",
    "admin",
    "super_admin"
  ]
}
[2026-04-28T11:27:30.654Z] Auth successful session found: {
  "user": {
    "id": "04f5f0e4-4311-4313-92b7-33fd0167a565",
    "type": "customer",
    "email": null,
    "name": null
  }
}
[2026-04-28T11:27:32.116Z] Auth attempt: {
  "hasHeader": true,
  "cookieNames": [
    "token",
    "rzp_unified_session_id"
  ],
  "uniqueTokensFound": 2,
  "allowedRoles": [
    "customer",
    "seller",
    "admin",
    "super_admin"
  ]
}
[2026-04-28T11:27:32.121Z] Auth successful session found: {
  "user": {
    "id": "04f5f0e4-4311-4313-92b7-33fd0167a565",
    "type": "customer",
    "email": null,
    "name": null
  }
}
[2026-04-28T11:27:33.436Z] Auth attempt: {
  "hasHeader": true,
  "cookieNames": [
    "token",
    "rzp_unified_session_id"
  ],
  "uniqueTokensFound": 2,
  "allowedRoles": [
    "customer",
    "seller",
    "admin",
    "super_admin"
  ]
}
[2026-04-28T11:27:33.444Z] Auth successful session found: {
  "user": {
    "id": "04f5f0e4-4311-4313-92b7-33fd0167a565",
    "type": "customer",
    "email": null,
    "name": null
  }
}
[2026-04-28T11:27:34.505Z] Auth attempt: {
  "hasHeader": true,
  "cookieNames": [
    "token",
    "rzp_unified_session_id"
  ],
  "uniqueTokensFound": 2,
  "allowedRoles": [
    "customer",
    "seller",
    "admin",
    "super_admin"
  ]
}
[2026-04-28T11:27:34.508Z] Auth successful session found: {
  "user": {
    "id": "04f5f0e4-4311-4313-92b7-33fd0167a565",
    "type": "customer",
    "email": null,
    "name": null
  }
}
[2026-04-28T11:27:36.036Z] Auth attempt: {
  "hasHeader": true,
  "cookieNames": [
    "token",
    "rzp_unified_session_id"
  ],
  "uniqueTokensFound": 2,
  "allowedRoles": [
    "customer",
    "seller",
    "admin",
    "super_admin"
  ]
}
[2026-04-28T11:27:36.039Z] Auth successful session found: {
  "user": {
    "id": "04f5f0e4-4311-4313-92b7-33fd0167a565",
    "type": "customer",
    "email": null,
    "name": null
  }
}
[2026-04-28T11:27:36.888Z] Auth attempt: {
  "hasHeader": true,
  "cookieNames": [
    "token",
    "rzp_unified_session_id"
  ],
  "uniqueTokensFound": 2,
  "allowedRoles": [
    "customer",
    "seller",
    "admin",
    "super_admin"
  ]
}
[2026-04-28T11:27:36.891Z] Auth successful session found: {
  "user": {
    "id": "04f5f0e4-4311-4313-92b7-33fd0167a565",
    "type": "customer",
    "email": null,
    "name": null
  }
}
[2026-04-28T11:28:09.634Z] Auth attempt: {
  "hasHeader": true,
  "cookieNames": [
    "token",
    "rzp_unified_session_id"
  ],
  "uniqueTokensFound": 2,
  "allowedRoles": [
    "admin",
    "super_admin"
  ]
}
[2026-04-28T11:28:09.638Z] Auth attempt: {
  "hasHeader": true,
  "cookieNames": [
    "token",
    "rzp_unified_session_id"
  ],
  "uniqueTokensFound": 2,
  "allowedRoles": [
    "admin",
    "super_admin"
  ]
}
[2026-04-28T11:28:09.661Z] Auth successful session found: {
  "user": {
    "id": "ebe96799-dba8-4508-bfdf-15d4b972f952",
    "type": "super_admin",
    "email": "auradecor002@gmail.com",
    "name": "Aura Decor"
  }
}
[2026-04-28T11:28:09.672Z] Auth attempt: {
  "hasHeader": true,
  "cookieNames": [
    "token",
    "rzp_unified_session_id"
  ],
  "uniqueTokensFound": 2,
  "allowedRoles": [
    "admin",
    "super_admin"
  ]
}
[2026-04-28T11:28:09.678Z] Auth successful session found: {
  "user": {
    "id": "ebe96799-dba8-4508-bfdf-15d4b972f952",
    "type": "super_admin",
    "email": "auradecor002@gmail.com",
    "name": "Aura Decor"
  }
}
[2026-04-28T11:28:09.705Z] Auth successful session found: {
  "user": {
    "id": "ebe96799-dba8-4508-bfdf-15d4b972f952",
    "type": "super_admin",
    "email": "auradecor002@gmail.com",
    "name": "Aura Decor"
  }
}
[2026-04-28T11:28:09.740Z] Auth attempt: {
  "hasHeader": true,
  "cookieNames": [
    "token",
    "rzp_unified_session_id"
  ],
  "uniqueTokensFound": 2,
  "allowedRoles": [
    "admin",
    "super_admin"
  ]
}
[2026-04-28T11:28:09.745Z] Auth successful session found: {
  "user": {
    "id": "ebe96799-dba8-4508-bfdf-15d4b972f952",
    "type": "super_admin",
    "email": "auradecor002@gmail.com",
    "name": "Aura Decor"
  }
}
[2026-04-28T11:28:15.422Z] Auth attempt: {
  "hasHeader": true,
  "cookieNames": [
    "token",
    "rzp_unified_session_id"
  ],
  "uniqueTokensFound": 2,
  "allowedRoles": [
    "admin",
    "super_admin"
  ]
}
[2026-04-28T11:28:15.426Z] Auth successful session found: {
  "user": {
    "id": "ebe96799-dba8-4508-bfdf-15d4b972f952",
    "type": "super_admin",
    "email": "auradecor002@gmail.com",
    "name": "Aura Decor"
  }
}
[2026-04-28T11:28:15.698Z] Auth attempt: {
  "hasHeader": true,
  "cookieNames": [
    "token",
    "rzp_unified_session_id"
  ],
  "uniqueTokensFound": 2,
  "allowedRoles": [
    "admin",
    "super_admin"
  ]
}
[2026-04-28T11:28:15.702Z] Auth successful session found: {
  "user": {
    "id": "ebe96799-dba8-4508-bfdf-15d4b972f952",
    "type": "super_admin",
    "email": "auradecor002@gmail.com",
    "name": "Aura Decor"
  }
}
[2026-04-28T11:28:20.083Z] Auth attempt: {
  "hasHeader": true,
  "cookieNames": [
    "token",
    "rzp_unified_session_id"
  ],
  "uniqueTokensFound": 2,
  "allowedRoles": [
    "admin",
    "super_admin"
  ]
}
[2026-04-28T11:28:20.092Z] Auth successful session found: {
  "user": {
    "id": "ebe96799-dba8-4508-bfdf-15d4b972f952",
    "type": "super_admin",
    "email": "auradecor002@gmail.com",
    "name": "Aura Decor"
  }
}
[2026-04-28T11:28:20.106Z] Auth attempt: {
  "hasHeader": true,
  "cookieNames": [
    "token",
    "rzp_unified_session_id"
  ],
  "uniqueTokensFound": 2,
  "allowedRoles": [
    "admin",
    "super_admin"
  ]
}
[2026-04-28T11:28:20.112Z] Auth successful session found: {
  "user": {
    "id": "ebe96799-dba8-4508-bfdf-15d4b972f952",
    "type": "super_admin",
    "email": "auradecor002@gmail.com",
    "name": "Aura Decor"
  }
}
[2026-04-28T11:28:23.138Z] Auth attempt: {
  "hasHeader": true,
  "cookieNames": [
    "token",
    "rzp_unified_session_id"
  ],
  "uniqueTokensFound": 2,
  "allowedRoles": [
    "admin",
    "super_admin"
  ]
}
[2026-04-28T11:28:23.143Z] Auth successful session found: {
  "user": {
    "id": "ebe96799-dba8-4508-bfdf-15d4b972f952",
    "type": "super_admin",
    "email": "auradecor002@gmail.com",
    "name": "Aura Decor"
  }
}
[2026-04-28T11:28:23.151Z] Auth attempt: {
  "hasHeader": true,
  "cookieNames": [
    "token",
    "rzp_unified_session_id"
  ],
  "uniqueTokensFound": 2,
  "allowedRoles": [
    "admin",
    "super_admin"
  ]
}
[2026-04-28T11:28:23.156Z] Auth successful session found: {
  "user": {
    "id": "ebe96799-dba8-4508-bfdf-15d4b972f952",
    "type": "super_admin",
    "email": "auradecor002@gmail.com",
    "name": "Aura Decor"
  }
}
[2026-04-28T11:28:25.859Z] Auth attempt: {
  "hasHeader": true,
  "cookieNames": [
    "token",
    "rzp_unified_session_id"
  ],
  "uniqueTokensFound": 2,
  "allowedRoles": [
    "admin",
    "super_admin"
  ]
}
[2026-04-28T11:28:25.862Z] Auth successful session found: {
  "user": {
    "id": "ebe96799-dba8-4508-bfdf-15d4b972f952",
    "type": "super_admin",
    "email": "auradecor002@gmail.com",
    "name": "Aura Decor"
  }
}
[2026-04-28T11:28:25.869Z] Auth attempt: {
  "hasHeader": true,
  "cookieNames": [
    "token",
    "rzp_unified_session_id"
  ],
  "uniqueTokensFound": 2,
  "allowedRoles": [
    "admin",
    "super_admin"
  ]
}
[2026-04-28T11:28:25.877Z] Auth successful session found: {
  "user": {
    "id": "ebe96799-dba8-4508-bfdf-15d4b972f952",
    "type": "super_admin",
    "email": "auradecor002@gmail.com",
    "name": "Aura Decor"
  }
}
[2026-04-28T11:28:27.298Z] Auth attempt: {
  "hasHeader": true,
  "cookieNames": [
    "token",
    "rzp_unified_session_id"
  ],
  "uniqueTokensFound": 2,
  "allowedRoles": [
    "admin",
    "super_admin"
  ]
}
[2026-04-28T11:28:27.301Z] Auth successful session found: {
  "user": {
    "id": "ebe96799-dba8-4508-bfdf-15d4b972f952",
    "type": "super_admin",
    "email": "auradecor002@gmail.com",
    "name": "Aura Decor"
  }
}
[2026-04-28T11:28:27.314Z] Auth attempt: {
  "hasHeader": true,
  "cookieNames": [
    "token",
    "rzp_unified_session_id"
  ],
  "uniqueTokensFound": 2,
  "allowedRoles": [
    "admin",
    "super_admin"
  ]
}
[2026-04-28T11:28:27.318Z] Auth successful session found: {
  "user": {
    "id": "ebe96799-dba8-4508-bfdf-15d4b972f952",
    "type": "super_admin",
    "email": "auradecor002@gmail.com",
    "name": "Aura Decor"
  }
}
[2026-04-28T11:28:28.296Z] Auth attempt: {
  "hasHeader": true,
  "cookieNames": [
    "token",
    "rzp_unified_session_id"
  ],
  "uniqueTokensFound": 2,
  "allowedRoles": [
    "admin",
    "super_admin"
  ]
}
[2026-04-28T11:28:28.299Z] Auth successful session found: {
  "user": {
    "id": "ebe96799-dba8-4508-bfdf-15d4b972f952",
    "type": "super_admin",
    "email": "auradecor002@gmail.com",
    "name": "Aura Decor"
  }
}
[2026-04-28T11:28:28.319Z] Auth attempt: {
  "hasHeader": true,
  "cookieNames": [
    "token",
    "rzp_unified_session_id"
  ],
  "uniqueTokensFound": 2,
  "allowedRoles": [
    "admin",
    "super_admin"
  ]
}
[2026-04-28T11:28:28.324Z] Auth successful session found: {
  "user": {
    "id": "ebe96799-dba8-4508-bfdf-15d4b972f952",
    "type": "super_admin",
    "email": "auradecor002@gmail.com",
    "name": "Aura Decor"
  }
}
[2026-04-28T11:28:36.873Z] Auth attempt: {
  "hasHeader": true,
  "cookieNames": [
    "token",
    "rzp_unified_session_id"
  ],
  "uniqueTokensFound": 2,
  "allowedRoles": [
    "admin",
    "super_admin"
  ]
}
[2026-04-28T11:28:36.876Z] Auth successful session found: {
  "user": {
    "id": "ebe96799-dba8-4508-bfdf-15d4b972f952",
    "type": "super_admin",
    "email": "auradecor002@gmail.com",
    "name": "Aura Decor"
  }
}
[2026-04-28T11:28:36.887Z] Auth attempt: {
  "hasHeader": true,
  "cookieNames": [
    "token",
    "rzp_unified_session_id"
  ],
  "uniqueTokensFound": 2,
  "allowedRoles": [
    "admin",
    "super_admin"
  ]
}
[2026-04-28T11:28:36.891Z] Auth successful session found: {
  "user": {
    "id": "ebe96799-dba8-4508-bfdf-15d4b972f952",
    "type": "super_admin",
    "email": "auradecor002@gmail.com",
    "name": "Aura Decor"
  }
}
[2026-04-28T11:28:39.846Z] Auth attempt: {
  "hasHeader": true,
  "cookieNames": [
    "token",
    "rzp_unified_session_id"
  ],
  "uniqueTokensFound": 2,
  "allowedRoles": [
    "admin",
    "super_admin"
  ]
}
[2026-04-28T11:28:39.849Z] Auth successful session found: {
  "user": {
    "id": "ebe96799-dba8-4508-bfdf-15d4b972f952",
    "type": "super_admin",
    "email": "auradecor002@gmail.com",
    "name": "Aura Decor"
  }
}
[2026-04-28T11:28:39.878Z] Auth attempt: {
  "hasHeader": true,
  "cookieNames": [
    "token",
    "rzp_unified_session_id"
  ],
  "uniqueTokensFound": 2,
  "allowedRoles": [
    "admin",
    "super_admin"
  ]
}
[2026-04-28T11:28:39.882Z] Auth successful session found: {
  "user": {
    "id": "ebe96799-dba8-4508-bfdf-15d4b972f952",
    "type": "super_admin",
    "email": "auradecor002@gmail.com",
    "name": "Aura Decor"
  }
}
[2026-04-28T11:28:44.978Z] Auth attempt: {
  "hasHeader": true,
  "cookieNames": [
    "token",
    "rzp_unified_session_id"
  ],
  "uniqueTokensFound": 2,
  "allowedRoles": [
    "super_admin"
  ]
}
[2026-04-28T11:28:44.982Z] Auth successful session found: {
  "user": {
    "id": "ebe96799-dba8-4508-bfdf-15d4b972f952",
    "type": "super_admin",
    "email": "auradecor002@gmail.com",
    "name": "Aura Decor"
  }
}
[2026-04-28T11:28:44.994Z] Auth attempt: {
  "hasHeader": true,
  "cookieNames": [
    "token",
    "rzp_unified_session_id"
  ],
  "uniqueTokensFound": 2,
  "allowedRoles": [
    "super_admin"
  ]
}
[2026-04-28T11:28:44.999Z] Auth successful session found: {
  "user": {
    "id": "ebe96799-dba8-4508-bfdf-15d4b972f952",
    "type": "super_admin",
    "email": "auradecor002@gmail.com",
    "name": "Aura Decor"
  }
}
[2026-04-28T11:29:32.841Z] Auth attempt: {
  "hasHeader": true,
  "cookieNames": [
    "seller_token",
    "rzp_unified_session_id",
    "customer_token"
  ],
  "uniqueTokensFound": 2,
  "allowedRoles": [
    "customer",
    "admin",
    "super_admin"
  ]
}
[2026-04-28T11:29:32.845Z] Auth attempt: {
  "hasHeader": true,
  "cookieNames": [
    "seller_token",
    "rzp_unified_session_id",
    "customer_token"
  ],
  "uniqueTokensFound": 2,
  "allowedRoles": [
    "customer",
    "admin",
    "super_admin"
  ]
}
[2026-04-28T11:29:32.928Z] Auth successful session found: {
  "user": {
    "id": "6fc4f08e-684f-4fe5-b3fb-6e9f29b390ac",
    "type": "customer",
    "email": "ganeshsanjay8880@gmail.com",
    "name": "Sanjay"
  }
}
[2026-04-28T11:29:32.930Z] Auth successful session found: {
  "user": {
    "id": "6fc4f08e-684f-4fe5-b3fb-6e9f29b390ac",
    "type": "customer",
    "email": "ganeshsanjay8880@gmail.com",
    "name": "Sanjay"
  }
}
[2026-04-28T11:29:32.936Z] Auth attempt: {
  "hasHeader": true,
  "cookieNames": [
    "seller_token",
    "rzp_unified_session_id",
    "customer_token"
  ],
  "uniqueTokensFound": 2,
  "allowedRoles": [
    "customer",
    "admin",
    "super_admin"
  ]
}
[2026-04-28T11:29:32.940Z] Auth successful session found: {
  "user": {
    "id": "6fc4f08e-684f-4fe5-b3fb-6e9f29b390ac",
    "type": "customer",
    "email": "ganeshsanjay8880@gmail.com",
    "name": "Sanjay"
  }
}
[2026-04-28T11:29:32.951Z] Auth attempt: {
  "hasHeader": true,
  "cookieNames": [
    "seller_token",
    "rzp_unified_session_id",
    "customer_token"
  ],
  "uniqueTokensFound": 2,
  "allowedRoles": [
    "customer",
    "admin",
    "super_admin"
  ]
}
[2026-04-28T11:29:32.956Z] Auth successful session found: {
  "user": {
    "id": "6fc4f08e-684f-4fe5-b3fb-6e9f29b390ac",
    "type": "customer",
    "email": "ganeshsanjay8880@gmail.com",
    "name": "Sanjay"
  }
}
[2026-04-28T11:29:34.288Z] Auth attempt: {
  "hasHeader": true,
  "cookieNames": [
    "seller_token",
    "rzp_unified_session_id",
    "customer_token"
  ],
  "uniqueTokensFound": 2,
  "allowedRoles": [
    "customer",
    "admin",
    "super_admin"
  ]
}
[2026-04-28T11:29:34.295Z] Auth successful session found: {
  "user": {
    "id": "6fc4f08e-684f-4fe5-b3fb-6e9f29b390ac",
    "type": "customer",
    "email": "ganeshsanjay8880@gmail.com",
    "name": "Sanjay"
  }
}
[2026-04-28T11:29:34.303Z] Auth attempt: {
  "hasHeader": true,
  "cookieNames": [
    "seller_token",
    "rzp_unified_session_id",
    "customer_token"
  ],
  "uniqueTokensFound": 2,
  "allowedRoles": [
    "customer",
    "admin",
    "super_admin"
  ]
}
[2026-04-28T11:29:34.312Z] Auth successful session found: {
  "user": {
    "id": "6fc4f08e-684f-4fe5-b3fb-6e9f29b390ac",
    "type": "customer",
    "email": "ganeshsanjay8880@gmail.com",
    "name": "Sanjay"
  }
}
[2026-04-28T11:29:37.451Z] Auth attempt: {
  "hasHeader": true,
  "cookieNames": [
    "seller_token",
    "rzp_unified_session_id",
    "customer_token"
  ],
  "uniqueTokensFound": 2,
  "allowedRoles": [
    "customer",
    "admin",
    "super_admin"
  ]
}
[2026-04-28T11:29:37.456Z] Auth attempt: {
  "hasHeader": true,
  "cookieNames": [
    "seller_token",
    "rzp_unified_session_id",
    "customer_token"
  ],
  "uniqueTokensFound": 2,
  "allowedRoles": [
    "customer",
    "admin",
    "super_admin"
  ]
}
[2026-04-28T11:29:37.462Z] Auth successful session found: {
  "user": {
    "id": "6fc4f08e-684f-4fe5-b3fb-6e9f29b390ac",
    "type": "customer",
    "email": "ganeshsanjay8880@gmail.com",
    "name": "Sanjay"
  }
}
[2026-04-28T11:29:37.466Z] Auth successful session found: {
  "user": {
    "id": "6fc4f08e-684f-4fe5-b3fb-6e9f29b390ac",
    "type": "customer",
    "email": "ganeshsanjay8880@gmail.com",
    "name": "Sanjay"
  }
}
[2026-04-28T11:29:37.498Z] Auth attempt: {
  "hasHeader": true,
  "cookieNames": [
    "seller_token",
    "rzp_unified_session_id",
    "customer_token"
  ],
  "uniqueTokensFound": 2,
  "allowedRoles": [
    "customer",
    "admin",
    "super_admin"
  ]
}
[2026-04-28T11:29:37.502Z] Auth attempt: {
  "hasHeader": true,
  "cookieNames": [
    "seller_token",
    "rzp_unified_session_id",
    "customer_token"
  ],
  "uniqueTokensFound": 2,
  "allowedRoles": [
    "customer",
    "admin",
    "super_admin"
  ]
}
[2026-04-28T11:29:37.508Z] Auth successful session found: {
  "user": {
    "id": "6fc4f08e-684f-4fe5-b3fb-6e9f29b390ac",
    "type": "customer",
    "email": "ganeshsanjay8880@gmail.com",
    "name": "Sanjay"
  }
}
[2026-04-28T11:29:37.522Z] Auth successful session found: {
  "user": {
    "id": "6fc4f08e-684f-4fe5-b3fb-6e9f29b390ac",
    "type": "customer",
    "email": "ganeshsanjay8880@gmail.com",
    "name": "Sanjay"
  }
}
[2026-04-28T11:29:39.994Z] Auth attempt: {
  "hasHeader": true,
  "cookieNames": [
    "seller_token",
    "rzp_unified_session_id",
    "customer_token"
  ],
  "uniqueTokensFound": 2,
  "allowedRoles": [
    "customer",
    "admin",
    "super_admin"
  ]
}
[2026-04-28T11:29:39.997Z] Auth successful session found: {
  "user": {
    "id": "6fc4f08e-684f-4fe5-b3fb-6e9f29b390ac",
    "type": "customer",
    "email": "ganeshsanjay8880@gmail.com",
    "name": "Sanjay"
  }
}
[2026-04-28T11:29:40.001Z] Auth attempt: {
  "hasHeader": true,
  "cookieNames": [
    "seller_token",
    "rzp_unified_session_id",
    "customer_token"
  ],
  "uniqueTokensFound": 2,
  "allowedRoles": [
    "customer",
    "admin",
    "super_admin"
  ]
}
[2026-04-28T11:29:40.004Z] Auth successful session found: {
  "user": {
    "id": "6fc4f08e-684f-4fe5-b3fb-6e9f29b390ac",
    "type": "customer",
    "email": "ganeshsanjay8880@gmail.com",
    "name": "Sanjay"
  }
}
[2026-04-28T11:30:02.611Z] Auth attempt: {
  "hasHeader": true,
  "cookieNames": [
    "rzp_unified_session_id",
    "customer_token",
    "seller_token"
  ],
  "uniqueTokensFound": 2,
  "allowedRoles": [
    "seller",
    "admin",
    "super_admin"
  ]
}
[2026-04-28T11:30:02.620Z] Auth attempt: {
  "hasHeader": true,
  "cookieNames": [
    "rzp_unified_session_id",
    "customer_token",
    "seller_token"
  ],
  "uniqueTokensFound": 2,
  "allowedRoles": [
    "seller",
    "admin",
    "super_admin"
  ]
}
[2026-04-28T11:30:02.649Z] Auth successful session found: {
  "user": {
    "id": "b017594a-241f-4fe4-abf4-5117f32025ee",
    "type": "seller",
    "email": "sanjayganesan016@gmail.com",
    "name": "Sanjay seller"
  }
}
[2026-04-28T11:30:02.667Z] Auth attempt: {
  "hasHeader": true,
  "cookieNames": [
    "rzp_unified_session_id",
    "customer_token",
    "seller_token"
  ],
  "uniqueTokensFound": 2,
  "allowedRoles": [
    "seller",
    "admin",
    "super_admin"
  ]
}
[2026-04-28T11:30:02.671Z] Auth successful session found: {
  "user": {
    "id": "b017594a-241f-4fe4-abf4-5117f32025ee",
    "type": "seller",
    "email": "sanjayganesan016@gmail.com",
    "name": "Sanjay seller"
  }
}
[2026-04-28T11:30:02.715Z] Auth successful session found: {
  "user": {
    "id": "b017594a-241f-4fe4-abf4-5117f32025ee",
    "type": "seller",
    "email": "sanjayganesan016@gmail.com",
    "name": "Sanjay seller"
  }
}
[2026-04-28T11:30:02.738Z] Auth attempt: {
  "hasHeader": true,
  "cookieNames": [
    "rzp_unified_session_id",
    "customer_token",
    "seller_token"
  ],
  "uniqueTokensFound": 2,
  "allowedRoles": [
    "seller",
    "admin",
    "super_admin"
  ]
}
[2026-04-28T11:30:02.745Z] Auth successful session found: {
  "user": {
    "id": "b017594a-241f-4fe4-abf4-5117f32025ee",
    "type": "seller",
    "email": "sanjayganesan016@gmail.com",
    "name": "Sanjay seller"
  }
}
[2026-04-28T11:30:02.755Z] Auth attempt: {
  "hasHeader": true,
  "cookieNames": [
    "rzp_unified_session_id",
    "customer_token",
    "seller_token"
  ],
  "uniqueTokensFound": 2,
  "allowedRoles": [
    "seller",
    "admin",
    "super_admin"
  ]
}
[2026-04-28T11:30:02.767Z] Auth successful session found: {
  "user": {
    "id": "b017594a-241f-4fe4-abf4-5117f32025ee",
    "type": "seller",
    "email": "sanjayganesan016@gmail.com",
    "name": "Sanjay seller"
  }
}
[2026-04-28T11:30:02.815Z] Auth attempt: {
  "hasHeader": true,
  "cookieNames": [
    "rzp_unified_session_id",
    "customer_token",
    "seller_token"
  ],
  "uniqueTokensFound": 2,
  "allowedRoles": [
    "seller",
    "admin",
    "super_admin"
  ]
}
[2026-04-28T11:30:02.817Z] Auth successful session found: {
  "user": {
    "id": "b017594a-241f-4fe4-abf4-5117f32025ee",
    "type": "seller",
    "email": "sanjayganesan016@gmail.com",
    "name": "Sanjay seller"
  }
}
[2026-04-28T11:30:06.632Z] Auth attempt: {
  "hasHeader": true,
  "cookieNames": [
    "rzp_unified_session_id",
    "customer_token",
    "seller_token"
  ],
  "uniqueTokensFound": 2,
  "allowedRoles": [
    "seller",
    "admin",
    "super_admin"
  ]
}
[2026-04-28T11:30:06.634Z] Auth successful session found: {
  "user": {
    "id": "b017594a-241f-4fe4-abf4-5117f32025ee",
    "type": "seller",
    "email": "sanjayganesan016@gmail.com",
    "name": "Sanjay seller"
  }
}
[2026-04-28T11:30:06.643Z] Auth attempt: {
  "hasHeader": true,
  "cookieNames": [
    "rzp_unified_session_id",
    "customer_token",
    "seller_token"
  ],
  "uniqueTokensFound": 2,
  "allowedRoles": [
    "seller",
    "admin",
    "super_admin"
  ]
}
[2026-04-28T11:30:06.647Z] Auth successful session found: {
  "user": {
    "id": "b017594a-241f-4fe4-abf4-5117f32025ee",
    "type": "seller",
    "email": "sanjayganesan016@gmail.com",
    "name": "Sanjay seller"
  }
}
[2026-04-28T11:30:08.910Z] Auth attempt: {
  "hasHeader": true,
  "cookieNames": [
    "rzp_unified_session_id",
    "customer_token",
    "seller_token"
  ],
  "uniqueTokensFound": 2,
  "allowedRoles": [
    "seller",
    "admin",
    "super_admin"
  ]
}
[2026-04-28T11:30:08.913Z] Auth successful session found: {
  "user": {
    "id": "b017594a-241f-4fe4-abf4-5117f32025ee",
    "type": "seller",
    "email": "sanjayganesan016@gmail.com",
    "name": "Sanjay seller"
  }
}
[2026-04-28T11:30:08.918Z] Auth attempt: {
  "hasHeader": true,
  "cookieNames": [
    "rzp_unified_session_id",
    "customer_token",
    "seller_token"
  ],
  "uniqueTokensFound": 2,
  "allowedRoles": [
    "seller",
    "admin",
    "super_admin"
  ]
}
[2026-04-28T11:30:08.922Z] Auth successful session found: {
  "user": {
    "id": "b017594a-241f-4fe4-abf4-5117f32025ee",
    "type": "seller",
    "email": "sanjayganesan016@gmail.com",
    "name": "Sanjay seller"
  }
}
[2026-04-28T11:30:10.153Z] Auth attempt: {
  "hasHeader": true,
  "cookieNames": [
    "rzp_unified_session_id",
    "customer_token",
    "seller_token"
  ],
  "uniqueTokensFound": 2,
  "allowedRoles": [
    "seller",
    "admin",
    "super_admin"
  ]
}
[2026-04-28T11:30:10.159Z] Auth successful session found: {
  "user": {
    "id": "b017594a-241f-4fe4-abf4-5117f32025ee",
    "type": "seller",
    "email": "sanjayganesan016@gmail.com",
    "name": "Sanjay seller"
  }
}
[2026-04-28T11:30:10.327Z] Auth attempt: {
  "hasHeader": true,
  "cookieNames": [
    "rzp_unified_session_id",
    "customer_token",
    "seller_token"
  ],
  "uniqueTokensFound": 2,
  "allowedRoles": [
    "seller",
    "admin",
    "super_admin"
  ]
}
[2026-04-28T11:30:10.335Z] Auth successful session found: {
  "user": {
    "id": "b017594a-241f-4fe4-abf4-5117f32025ee",
    "type": "seller",
    "email": "sanjayganesan016@gmail.com",
    "name": "Sanjay seller"
  }
}
[2026-04-28T11:30:10.343Z] Auth attempt: {
  "hasHeader": true,
  "cookieNames": [
    "rzp_unified_session_id",
    "customer_token",
    "seller_token"
  ],
  "uniqueTokensFound": 2,
  "allowedRoles": [
    "seller",
    "admin",
    "super_admin"
  ]
}
[2026-04-28T11:30:10.437Z] Auth successful session found: {
  "user": {
    "id": "b017594a-241f-4fe4-abf4-5117f32025ee",
    "type": "seller",
    "email": "sanjayganesan016@gmail.com",
    "name": "Sanjay seller"
  }
}
[2026-04-28T11:30:10.583Z] Auth attempt: {
  "hasHeader": true,
  "cookieNames": [
    "rzp_unified_session_id",
    "customer_token",
    "seller_token"
  ],
  "uniqueTokensFound": 2,
  "allowedRoles": [
    "seller",
    "admin",
    "super_admin"
  ]
}
[2026-04-28T11:30:10.593Z] Auth successful session found: {
  "user": {
    "id": "b017594a-241f-4fe4-abf4-5117f32025ee",
    "type": "seller",
    "email": "sanjayganesan016@gmail.com",
    "name": "Sanjay seller"
  }
}
[2026-04-28T11:30:13.208Z] Auth attempt: {
  "hasHeader": true,
  "cookieNames": [
    "rzp_unified_session_id",
    "customer_token",
    "seller_token"
  ],
  "uniqueTokensFound": 2,
  "allowedRoles": [
    "seller",
    "admin",
    "super_admin"
  ]
}
[2026-04-28T11:30:13.212Z] Auth attempt: {
  "hasHeader": true,
  "cookieNames": [
    "rzp_unified_session_id",
    "customer_token",
    "seller_token"
  ],
  "uniqueTokensFound": 2,
  "allowedRoles": [
    "seller",
    "admin",
    "super_admin"
  ]
}
[2026-04-28T11:30:13.215Z] Auth successful session found: {
  "user": {
    "id": "b017594a-241f-4fe4-abf4-5117f32025ee",
    "type": "seller",
    "email": "sanjayganesan016@gmail.com",
    "name": "Sanjay seller"
  }
}
[2026-04-28T11:30:13.217Z] Auth successful session found: {
  "user": {
    "id": "b017594a-241f-4fe4-abf4-5117f32025ee",
    "type": "seller",
    "email": "sanjayganesan016@gmail.com",
    "name": "Sanjay seller"
  }
}
[2026-04-28T11:30:13.230Z] Auth attempt: {
  "hasHeader": true,
  "cookieNames": [
    "rzp_unified_session_id",
    "customer_token",
    "seller_token"
  ],
  "uniqueTokensFound": 2,
  "allowedRoles": [
    "seller",
    "admin",
    "super_admin"
  ]
}
[2026-04-28T11:30:13.232Z] Auth attempt: {
  "hasHeader": true,
  "cookieNames": [
    "rzp_unified_session_id",
    "customer_token",
    "seller_token"
  ],
  "uniqueTokensFound": 2,
  "allowedRoles": [
    "seller",
    "admin",
    "super_admin"
  ]
}
[2026-04-28T11:30:13.235Z] Auth successful session found: {
  "user": {
    "id": "b017594a-241f-4fe4-abf4-5117f32025ee",
    "type": "seller",
    "email": "sanjayganesan016@gmail.com",
    "name": "Sanjay seller"
  }
}
[2026-04-28T11:30:13.237Z] Auth successful session found: {
  "user": {
    "id": "b017594a-241f-4fe4-abf4-5117f32025ee",
    "type": "seller",
    "email": "sanjayganesan016@gmail.com",
    "name": "Sanjay seller"
  }
}
[2026-04-28T11:30:14.436Z] Auth attempt: {
  "hasHeader": true,
  "cookieNames": [
    "rzp_unified_session_id",
    "customer_token",
    "seller_token"
  ],
  "uniqueTokensFound": 2,
  "allowedRoles": [
    "seller",
    "admin",
    "super_admin"
  ]
}
[2026-04-28T11:30:14.442Z] Auth successful session found: {
  "user": {
    "id": "b017594a-241f-4fe4-abf4-5117f32025ee",
    "type": "seller",
    "email": "sanjayganesan016@gmail.com",
    "name": "Sanjay seller"
  }
}
[2026-04-28T11:30:14.534Z] Auth attempt: {
  "hasHeader": true,
  "cookieNames": [
    "rzp_unified_session_id",
    "customer_token",
    "seller_token"
  ],
  "uniqueTokensFound": 2,
  "allowedRoles": [
    "seller",
    "admin",
    "super_admin"
  ]
}
[2026-04-28T11:30:14.546Z] Auth attempt: {
  "hasHeader": true,
  "cookieNames": [
    "rzp_unified_session_id",
    "customer_token",
    "seller_token"
  ],
  "uniqueTokensFound": 2,
  "allowedRoles": [
    "seller",
    "admin",
    "super_admin"
  ]
}
[2026-04-28T11:30:14.549Z] Auth successful session found: {
  "user": {
    "id": "b017594a-241f-4fe4-abf4-5117f32025ee",
    "type": "seller",
    "email": "sanjayganesan016@gmail.com",
    "name": "Sanjay seller"
  }
}
[2026-04-28T11:30:14.719Z] Auth successful session found: {
  "user": {
    "id": "b017594a-241f-4fe4-abf4-5117f32025ee",
    "type": "seller",
    "email": "sanjayganesan016@gmail.com",
    "name": "Sanjay seller"
  }
}
[2026-04-28T11:30:14.809Z] Auth attempt: {
  "hasHeader": true,
  "cookieNames": [
    "rzp_unified_session_id",
    "customer_token",
    "seller_token"
  ],
  "uniqueTokensFound": 2,
  "allowedRoles": [
    "seller",
    "admin",
    "super_admin"
  ]
}
[2026-04-28T11:30:14.820Z] Auth successful session found: {
  "user": {
    "id": "b017594a-241f-4fe4-abf4-5117f32025ee",
    "type": "seller",
    "email": "sanjayganesan016@gmail.com",
    "name": "Sanjay seller"
  }
}
[2026-04-28T11:30:18.407Z] Auth attempt: {
  "hasHeader": true,
  "cookieNames": [
    "rzp_unified_session_id",
    "customer_token",
    "seller_token"
  ],
  "uniqueTokensFound": 2,
  "allowedRoles": [
    "seller",
    "admin",
    "super_admin"
  ]
}
[2026-04-28T11:30:18.412Z] Auth attempt: {
  "hasHeader": true,
  "cookieNames": [
    "rzp_unified_session_id",
    "customer_token",
    "seller_token"
  ],
  "uniqueTokensFound": 2,
  "allowedRoles": [
    "seller",
    "admin",
    "super_admin"
  ]
}
[2026-04-28T11:30:18.419Z] Auth successful session found: {
  "user": {
    "id": "b017594a-241f-4fe4-abf4-5117f32025ee",
    "type": "seller",
    "email": "sanjayganesan016@gmail.com",
    "name": "Sanjay seller"
  }
}
[2026-04-28T11:30:18.420Z] Auth successful session found: {
  "user": {
    "id": "b017594a-241f-4fe4-abf4-5117f32025ee",
    "type": "seller",
    "email": "sanjayganesan016@gmail.com",
    "name": "Sanjay seller"
  }
}
[2026-04-28T11:30:18.435Z] Auth attempt: {
  "hasHeader": true,
  "cookieNames": [
    "rzp_unified_session_id",
    "customer_token",
    "seller_token"
  ],
  "uniqueTokensFound": 2,
  "allowedRoles": [
    "seller",
    "admin",
    "super_admin"
  ]
}
[2026-04-28T11:30:18.436Z] Auth attempt: {
  "hasHeader": true,
  "cookieNames": [
    "rzp_unified_session_id",
    "customer_token",
    "seller_token"
  ],
  "uniqueTokensFound": 2,
  "allowedRoles": [
    "seller",
    "admin",
    "super_admin"
  ]
}
[2026-04-28T11:30:18.440Z] Auth successful session found: {
  "user": {
    "id": "b017594a-241f-4fe4-abf4-5117f32025ee",
    "type": "seller",
    "email": "sanjayganesan016@gmail.com",
    "name": "Sanjay seller"
  }
}
[2026-04-28T11:30:18.442Z] Auth successful session found: {
  "user": {
    "id": "b017594a-241f-4fe4-abf4-5117f32025ee",
    "type": "seller",
    "email": "sanjayganesan016@gmail.com",
    "name": "Sanjay seller"
  }
}
[2026-04-28T11:30:19.544Z] Auth attempt: {
  "hasHeader": true,
  "cookieNames": [
    "rzp_unified_session_id",
    "customer_token",
    "seller_token"
  ],
  "uniqueTokensFound": 2,
  "allowedRoles": [
    "seller",
    "admin",
    "super_admin"
  ]
}
[2026-04-28T11:30:19.551Z] Auth successful session found: {
  "user": {
    "id": "b017594a-241f-4fe4-abf4-5117f32025ee",
    "type": "seller",
    "email": "sanjayganesan016@gmail.com",
    "name": "Sanjay seller"
  }
}
[2026-04-28T11:30:19.565Z] Auth attempt: {
  "hasHeader": true,
  "cookieNames": [
    "rzp_unified_session_id",
    "customer_token",
    "seller_token"
  ],
  "uniqueTokensFound": 2,
  "allowedRoles": [
    "seller",
    "admin",
    "super_admin"
  ]
}
[2026-04-28T11:30:19.570Z] Auth successful session found: {
  "user": {
    "id": "b017594a-241f-4fe4-abf4-5117f32025ee",
    "type": "seller",
    "email": "sanjayganesan016@gmail.com",
    "name": "Sanjay seller"
  }
}
[2026-04-28T11:30:20.570Z] Auth attempt: {
  "hasHeader": true,
  "cookieNames": [
    "rzp_unified_session_id",
    "customer_token",
    "seller_token"
  ],
  "uniqueTokensFound": 2,
  "allowedRoles": [
    "seller",
    "admin",
    "super_admin"
  ]
}
[2026-04-28T11:30:20.574Z] Auth attempt: {
  "hasHeader": true,
  "cookieNames": [
    "rzp_unified_session_id",
    "customer_token",
    "seller_token"
  ],
  "uniqueTokensFound": 2,
  "allowedRoles": [
    "seller",
    "admin",
    "super_admin"
  ]
}
[2026-04-28T11:30:20.579Z] Auth successful session found: {
  "user": {
    "id": "b017594a-241f-4fe4-abf4-5117f32025ee",
    "type": "seller",
    "email": "sanjayganesan016@gmail.com",
    "name": "Sanjay seller"
  }
}
[2026-04-28T11:30:20.581Z] Auth successful session found: {
  "user": {
    "id": "b017594a-241f-4fe4-abf4-5117f32025ee",
    "type": "seller",
    "email": "sanjayganesan016@gmail.com",
    "name": "Sanjay seller"
  }
}
[2026-04-28T11:30:20.591Z] Auth attempt: {
  "hasHeader": true,
  "cookieNames": [
    "rzp_unified_session_id",
    "customer_token",
    "seller_token"
  ],
  "uniqueTokensFound": 2,
  "allowedRoles": [
    "seller",
    "admin",
    "super_admin"
  ]
}
[2026-04-28T11:30:20.595Z] Auth attempt: {
  "hasHeader": true,
  "cookieNames": [
    "rzp_unified_session_id",
    "customer_token",
    "seller_token"
  ],
  "uniqueTokensFound": 2,
  "allowedRoles": [
    "seller",
    "admin",
    "super_admin"
  ]
}
[2026-04-28T11:30:20.596Z] Auth successful session found: {
  "user": {
    "id": "b017594a-241f-4fe4-abf4-5117f32025ee",
    "type": "seller",
    "email": "sanjayganesan016@gmail.com",
    "name": "Sanjay seller"
  }
}
[2026-04-28T11:30:20.598Z] Auth successful session found: {
  "user": {
    "id": "b017594a-241f-4fe4-abf4-5117f32025ee",
    "type": "seller",
    "email": "sanjayganesan016@gmail.com",
    "name": "Sanjay seller"
  }
}
[2026-04-28T11:30:26.350Z] Auth attempt: {
  "hasHeader": true,
  "cookieNames": [
    "rzp_unified_session_id",
    "customer_token",
    "seller_token"
  ],
  "uniqueTokensFound": 2,
  "allowedRoles": [
    "seller",
    "admin",
    "super_admin"
  ]
}
[2026-04-28T11:30:26.353Z] Auth successful session found: {
  "user": {
    "id": "b017594a-241f-4fe4-abf4-5117f32025ee",
    "type": "seller",
    "email": "sanjayganesan016@gmail.com",
    "name": "Sanjay seller"
  }
}
[2026-04-28T11:30:26.364Z] Auth attempt: {
  "hasHeader": true,
  "cookieNames": [
    "rzp_unified_session_id",
    "customer_token",
    "seller_token"
  ],
  "uniqueTokensFound": 2,
  "allowedRoles": [
    "seller",
    "admin",
    "super_admin"
  ]
}
[2026-04-28T11:30:26.367Z] Auth successful session found: {
  "user": {
    "id": "b017594a-241f-4fe4-abf4-5117f32025ee",
    "type": "seller",
    "email": "sanjayganesan016@gmail.com",
    "name": "Sanjay seller"
  }
}
[2026-04-28T11:39:22.612Z] Auth attempt: {
  "hasHeader": true,
  "cookieNames": [
    "rzp_unified_session_id",
    "seller_token",
    "customer_token"
  ],
  "uniqueTokensFound": 2,
  "allowedRoles": [
    "customer",
    "admin",
    "super_admin"
  ]
}
[2026-04-28T11:39:22.650Z] Auth successful session found: {
  "user": {
    "id": "6fc4f08e-684f-4fe5-b3fb-6e9f29b390ac",
    "type": "customer",
    "email": "ganeshsanjay8880@gmail.com",
    "name": "Sanjay"
  }
}
[2026-04-28T11:39:22.658Z] Auth attempt: {
  "hasHeader": true,
  "cookieNames": [
    "rzp_unified_session_id",
    "seller_token",
    "customer_token"
  ],
  "uniqueTokensFound": 2,
  "allowedRoles": [
    "customer",
    "admin",
    "super_admin"
  ]
}
[2026-04-28T11:39:22.661Z] Auth successful session found: {
  "user": {
    "id": "6fc4f08e-684f-4fe5-b3fb-6e9f29b390ac",
    "type": "customer",
    "email": "ganeshsanjay8880@gmail.com",
    "name": "Sanjay"
  }
}
[2026-04-28T11:39:25.693Z] Auth attempt: {
  "hasHeader": true,
  "cookieNames": [
    "rzp_unified_session_id",
    "seller_token",
    "customer_token"
  ],
  "uniqueTokensFound": 2,
  "allowedRoles": [
    "customer",
    "admin",
    "super_admin"
  ]
}
[2026-04-28T11:39:25.698Z] Auth successful session found: {
  "user": {
    "id": "6fc4f08e-684f-4fe5-b3fb-6e9f29b390ac",
    "type": "customer",
    "email": "ganeshsanjay8880@gmail.com",
    "name": "Sanjay"
  }
}
[2026-04-28T11:39:25.705Z] Auth attempt: {
  "hasHeader": true,
  "cookieNames": [
    "rzp_unified_session_id",
    "seller_token",
    "customer_token"
  ],
  "uniqueTokensFound": 2,
  "allowedRoles": [
    "customer",
    "admin",
    "super_admin"
  ]
}
[2026-04-28T11:39:25.708Z] Auth successful session found: {
  "user": {
    "id": "6fc4f08e-684f-4fe5-b3fb-6e9f29b390ac",
    "type": "customer",
    "email": "ganeshsanjay8880@gmail.com",
    "name": "Sanjay"
  }
}
[2026-04-28T11:39:25.792Z] Auth attempt: {
  "hasHeader": true,
  "cookieNames": [
    "rzp_unified_session_id",
    "seller_token",
    "customer_token"
  ],
  "uniqueTokensFound": 2,
  "allowedRoles": [
    "customer"
  ]
}
[2026-04-28T11:39:25.800Z] Auth successful session found: {
  "user": {
    "id": "6fc4f08e-684f-4fe5-b3fb-6e9f29b390ac",
    "type": "customer",
    "email": "ganeshsanjay8880@gmail.com",
    "name": "Sanjay"
  }
}
[2026-04-28T11:39:27.631Z] Auth attempt: {
  "hasHeader": true,
  "cookieNames": [
    "rzp_unified_session_id",
    "seller_token",
    "customer_token"
  ],
  "uniqueTokensFound": 2,
  "allowedRoles": [
    "customer",
    "admin",
    "super_admin"
  ]
}
[2026-04-28T11:39:27.634Z] Auth attempt: {
  "hasHeader": true,
  "cookieNames": [
    "rzp_unified_session_id",
    "seller_token",
    "customer_token"
  ],
  "uniqueTokensFound": 2,
  "allowedRoles": [
    "customer",
    "admin",
    "super_admin"
  ]
}
[2026-04-28T11:39:27.638Z] Auth successful session found: {
  "user": {
    "id": "6fc4f08e-684f-4fe5-b3fb-6e9f29b390ac",
    "type": "customer",
    "email": "ganeshsanjay8880@gmail.com",
    "name": "Sanjay"
  }
}
[2026-04-28T11:39:27.658Z] Auth attempt: {
  "hasHeader": true,
  "cookieNames": [
    "rzp_unified_session_id",
    "seller_token",
    "customer_token"
  ],
  "uniqueTokensFound": 2,
  "allowedRoles": [
    "customer",
    "admin",
    "super_admin"
  ]
}
[2026-04-28T11:39:27.661Z] Auth successful session found: {
  "user": {
    "id": "6fc4f08e-684f-4fe5-b3fb-6e9f29b390ac",
    "type": "customer",
    "email": "ganeshsanjay8880@gmail.com",
    "name": "Sanjay"
  }
}
[2026-04-28T11:39:27.663Z] Auth successful session found: {
  "user": {
    "id": "6fc4f08e-684f-4fe5-b3fb-6e9f29b390ac",
    "type": "customer",
    "email": "ganeshsanjay8880@gmail.com",
    "name": "Sanjay"
  }
}
[2026-04-28T11:39:27.676Z] Auth attempt: {
  "hasHeader": true,
  "cookieNames": [
    "rzp_unified_session_id",
    "seller_token",
    "customer_token"
  ],
  "uniqueTokensFound": 2,
  "allowedRoles": [
    "customer",
    "admin",
    "super_admin"
  ]
}
[2026-04-28T11:39:27.680Z] Auth successful session found: {
  "user": {
    "id": "6fc4f08e-684f-4fe5-b3fb-6e9f29b390ac",
    "type": "customer",
    "email": "ganeshsanjay8880@gmail.com",
    "name": "Sanjay"
  }
}
[2026-04-28T11:39:32.824Z] Auth attempt: {
  "hasHeader": true,
  "cookieNames": [
    "rzp_unified_session_id",
    "seller_token",
    "customer_token"
  ],
  "uniqueTokensFound": 2,
  "allowedRoles": [
    "customer"
  ]
}
[2026-04-28T11:39:32.827Z] Auth successful session found: {
  "user": {
    "id": "6fc4f08e-684f-4fe5-b3fb-6e9f29b390ac",
    "type": "customer",
    "email": "ganeshsanjay8880@gmail.com",
    "name": "Sanjay"
  }
}
[2026-04-28T11:39:34.841Z] Auth attempt: {
  "hasHeader": true,
  "cookieNames": [
    "rzp_unified_session_id",
    "seller_token",
    "customer_token"
  ],
  "uniqueTokensFound": 2,
  "allowedRoles": [
    "customer",
    "admin",
    "super_admin"
  ]
}
[2026-04-28T11:39:34.846Z] Auth successful session found: {
  "user": {
    "id": "6fc4f08e-684f-4fe5-b3fb-6e9f29b390ac",
    "type": "customer",
    "email": "ganeshsanjay8880@gmail.com",
    "name": "Sanjay"
  }
}
[2026-04-28T11:39:34.853Z] Auth attempt: {
  "hasHeader": true,
  "cookieNames": [
    "rzp_unified_session_id",
    "seller_token",
    "customer_token"
  ],
  "uniqueTokensFound": 2,
  "allowedRoles": [
    "customer",
    "admin",
    "super_admin"
  ]
}
[2026-04-28T11:39:34.858Z] Auth successful session found: {
  "user": {
    "id": "6fc4f08e-684f-4fe5-b3fb-6e9f29b390ac",
    "type": "customer",
    "email": "ganeshsanjay8880@gmail.com",
    "name": "Sanjay"
  }
}
[2026-04-28T11:39:37.691Z] Auth attempt: {
  "hasHeader": true,
  "cookieNames": [
    "rzp_unified_session_id",
    "seller_token",
    "customer_token"
  ],
  "uniqueTokensFound": 2,
  "allowedRoles": [
    "customer",
    "seller",
    "admin",
    "super_admin"
  ]
}
[2026-04-28T11:39:37.693Z] Auth successful session found: {
  "user": {
    "id": "b017594a-241f-4fe4-abf4-5117f32025ee",
    "type": "seller",
    "email": "sanjayganesan016@gmail.com",
    "name": "Sanjay seller"
  }
}
[2026-04-28T11:39:39.316Z] Auth attempt: {
  "hasHeader": true,
  "cookieNames": [
    "rzp_unified_session_id",
    "seller_token",
    "customer_token"
  ],
  "uniqueTokensFound": 2,
  "allowedRoles": [
    "customer",
    "admin",
    "super_admin"
  ]
}
[2026-04-28T11:39:39.319Z] Auth successful session found: {
  "user": {
    "id": "6fc4f08e-684f-4fe5-b3fb-6e9f29b390ac",
    "type": "customer",
    "email": "ganeshsanjay8880@gmail.com",
    "name": "Sanjay"
  }
}
[2026-04-28T11:39:39.325Z] Auth attempt: {
  "hasHeader": true,
  "cookieNames": [
    "rzp_unified_session_id",
    "seller_token",
    "customer_token"
  ],
  "uniqueTokensFound": 2,
  "allowedRoles": [
    "customer",
    "admin",
    "super_admin"
  ]
}
[2026-04-28T11:39:39.331Z] Auth successful session found: {
  "user": {
    "id": "6fc4f08e-684f-4fe5-b3fb-6e9f29b390ac",
    "type": "customer",
    "email": "ganeshsanjay8880@gmail.com",
    "name": "Sanjay"
  }
}
[2026-04-28T11:39:41.883Z] Auth attempt: {
  "hasHeader": true,
  "cookieNames": [
    "rzp_unified_session_id",
    "seller_token",
    "customer_token"
  ],
  "uniqueTokensFound": 2,
  "allowedRoles": [
    "customer",
    "admin",
    "super_admin"
  ]
}
[2026-04-28T11:39:41.891Z] Auth successful session found: {
  "user": {
    "id": "6fc4f08e-684f-4fe5-b3fb-6e9f29b390ac",
    "type": "customer",
    "email": "ganeshsanjay8880@gmail.com",
    "name": "Sanjay"
  }
}
[2026-04-28T11:39:41.905Z] Auth attempt: {
  "hasHeader": true,
  "cookieNames": [
    "rzp_unified_session_id",
    "seller_token",
    "customer_token"
  ],
  "uniqueTokensFound": 2,
  "allowedRoles": [
    "customer",
    "admin",
    "super_admin"
  ]
}
[2026-04-28T11:39:41.909Z] Auth successful session found: {
  "user": {
    "id": "6fc4f08e-684f-4fe5-b3fb-6e9f29b390ac",
    "type": "customer",
    "email": "ganeshsanjay8880@gmail.com",
    "name": "Sanjay"
  }
}
[2026-04-28T11:39:41.953Z] Auth attempt: {
  "hasHeader": true,
  "cookieNames": [
    "rzp_unified_session_id",
    "seller_token",
    "customer_token"
  ],
  "uniqueTokensFound": 2,
  "allowedRoles": [
    "customer",
    "admin",
    "super_admin"
  ]
}
[2026-04-28T11:39:41.956Z] Auth attempt: {
  "hasHeader": true,
  "cookieNames": [
    "rzp_unified_session_id",
    "seller_token",
    "customer_token"
  ],
  "uniqueTokensFound": 2,
  "allowedRoles": [
    "customer",
    "admin",
    "super_admin"
  ]
}
[2026-04-28T11:39:41.960Z] Auth successful session found: {
  "user": {
    "id": "6fc4f08e-684f-4fe5-b3fb-6e9f29b390ac",
    "type": "customer",
    "email": "ganeshsanjay8880@gmail.com",
    "name": "Sanjay"
  }
}
[2026-04-28T11:39:41.962Z] Auth successful session found: {
  "user": {
    "id": "6fc4f08e-684f-4fe5-b3fb-6e9f29b390ac",
    "type": "customer",
    "email": "ganeshsanjay8880@gmail.com",
    "name": "Sanjay"
  }
}
[2026-04-28T11:39:41.979Z] Auth attempt: {
  "hasHeader": true,
  "cookieNames": [
    "rzp_unified_session_id",
    "seller_token",
    "customer_token"
  ],
  "uniqueTokensFound": 2,
  "allowedRoles": [
    "customer",
    "admin",
    "super_admin"
  ]
}
[2026-04-28T11:39:41.989Z] Auth successful session found: {
  "user": {
    "id": "6fc4f08e-684f-4fe5-b3fb-6e9f29b390ac",
    "type": "customer",
    "email": "ganeshsanjay8880@gmail.com",
    "name": "Sanjay"
  }
}
[2026-04-28T11:39:41.991Z] Auth attempt: {
  "hasHeader": true,
  "cookieNames": [
    "rzp_unified_session_id",
    "seller_token",
    "customer_token"
  ],
  "uniqueTokensFound": 2,
  "allowedRoles": [
    "customer",
    "admin",
    "super_admin"
  ]
}
[2026-04-28T11:39:41.996Z] Auth successful session found: {
  "user": {
    "id": "6fc4f08e-684f-4fe5-b3fb-6e9f29b390ac",
    "type": "customer",
    "email": "ganeshsanjay8880@gmail.com",
    "name": "Sanjay"
  }
}
[2026-04-28T11:39:42.000Z] Auth attempt: {
  "hasHeader": true,
  "cookieNames": [
    "rzp_unified_session_id",
    "seller_token",
    "customer_token"
  ],
  "uniqueTokensFound": 2,
  "allowedRoles": [
    "customer",
    "admin",
    "super_admin"
  ]
}
[2026-04-28T11:39:42.003Z] Auth successful session found: {
  "user": {
    "id": "6fc4f08e-684f-4fe5-b3fb-6e9f29b390ac",
    "type": "customer",
    "email": "ganeshsanjay8880@gmail.com",
    "name": "Sanjay"
  }
}
[2026-04-28T11:39:42.010Z] Auth attempt: {
  "hasHeader": true,
  "cookieNames": [
    "rzp_unified_session_id",
    "seller_token",
    "customer_token"
  ],
  "uniqueTokensFound": 2,
  "allowedRoles": [
    "customer",
    "admin",
    "super_admin"
  ]
}
[2026-04-28T11:39:42.012Z] Auth successful session found: {
  "user": {
    "id": "6fc4f08e-684f-4fe5-b3fb-6e9f29b390ac",
    "type": "customer",
    "email": "ganeshsanjay8880@gmail.com",
    "name": "Sanjay"
  }
}
[2026-04-28T11:39:43.994Z] Auth attempt: {
  "hasHeader": true,
  "cookieNames": [
    "rzp_unified_session_id",
    "seller_token",
    "customer_token"
  ],
  "uniqueTokensFound": 2,
  "allowedRoles": [
    "customer",
    "admin",
    "super_admin"
  ]
}
[2026-04-28T11:39:44.002Z] Auth successful session found: {
  "user": {
    "id": "6fc4f08e-684f-4fe5-b3fb-6e9f29b390ac",
    "type": "customer",
    "email": "ganeshsanjay8880@gmail.com",
    "name": "Sanjay"
  }
}
[2026-04-28T11:39:44.018Z] Auth attempt: {
  "hasHeader": true,
  "cookieNames": [
    "rzp_unified_session_id",
    "seller_token",
    "customer_token"
  ],
  "uniqueTokensFound": 2,
  "allowedRoles": [
    "customer",
    "admin",
    "super_admin"
  ]
}
[2026-04-28T11:39:44.022Z] Auth successful session found: {
  "user": {
    "id": "6fc4f08e-684f-4fe5-b3fb-6e9f29b390ac",
    "type": "customer",
    "email": "ganeshsanjay8880@gmail.com",
    "name": "Sanjay"
  }
}
[2026-04-28T11:39:45.344Z] Auth attempt: {
  "hasHeader": true,
  "cookieNames": [
    "rzp_unified_session_id",
    "seller_token",
    "customer_token"
  ],
  "uniqueTokensFound": 2,
  "allowedRoles": [
    "customer",
    "admin",
    "super_admin"
  ]
}
[2026-04-28T11:39:45.349Z] Auth successful session found: {
  "user": {
    "id": "6fc4f08e-684f-4fe5-b3fb-6e9f29b390ac",
    "type": "customer",
    "email": "ganeshsanjay8880@gmail.com",
    "name": "Sanjay"
  }
}
[2026-04-28T11:39:45.355Z] Auth attempt: {
  "hasHeader": true,
  "cookieNames": [
    "rzp_unified_session_id",
    "seller_token",
    "customer_token"
  ],
  "uniqueTokensFound": 2,
  "allowedRoles": [
    "customer",
    "admin",
    "super_admin"
  ]
}
[2026-04-28T11:39:45.359Z] Auth successful session found: {
  "user": {
    "id": "6fc4f08e-684f-4fe5-b3fb-6e9f29b390ac",
    "type": "customer",
    "email": "ganeshsanjay8880@gmail.com",
    "name": "Sanjay"
  }
}
[2026-04-28T11:39:48.211Z] Auth attempt: {
  "hasHeader": true,
  "cookieNames": [
    "rzp_unified_session_id",
    "seller_token",
    "customer_token"
  ],
  "uniqueTokensFound": 2,
  "allowedRoles": [
    "customer"
  ]
}
[2026-04-28T11:39:48.215Z] Auth successful session found: {
  "user": {
    "id": "6fc4f08e-684f-4fe5-b3fb-6e9f29b390ac",
    "type": "customer",
    "email": "ganeshsanjay8880@gmail.com",
    "name": "Sanjay"
  }
}
[2026-04-28T11:39:48.250Z] Auth attempt: {
  "hasHeader": true,
  "cookieNames": [
    "rzp_unified_session_id",
    "seller_token",
    "customer_token"
  ],
  "uniqueTokensFound": 2,
  "allowedRoles": [
    "customer",
    "admin",
    "super_admin"
  ]
}
[2026-04-28T11:39:48.253Z] Auth successful session found: {
  "user": {
    "id": "6fc4f08e-684f-4fe5-b3fb-6e9f29b390ac",
    "type": "customer",
    "email": "ganeshsanjay8880@gmail.com",
    "name": "Sanjay"
  }
}
[2026-04-28T11:39:50.299Z] Auth attempt: {
  "hasHeader": true,
  "cookieNames": [
    "rzp_unified_session_id",
    "seller_token",
    "customer_token"
  ],
  "uniqueTokensFound": 2,
  "allowedRoles": [
    "customer"
  ]
}
[2026-04-28T11:39:50.319Z] Auth successful session found: {
  "user": {
    "id": "6fc4f08e-684f-4fe5-b3fb-6e9f29b390ac",
    "type": "customer",
    "email": "ganeshsanjay8880@gmail.com",
    "name": "Sanjay"
  }
}
[2026-04-28T11:39:50.347Z] Auth attempt: {
  "hasHeader": true,
  "cookieNames": [
    "rzp_unified_session_id",
    "seller_token",
    "customer_token"
  ],
  "uniqueTokensFound": 2,
  "allowedRoles": [
    "customer",
    "admin",
    "super_admin"
  ]
}
[2026-04-28T11:39:50.352Z] Auth successful session found: {
  "user": {
    "id": "6fc4f08e-684f-4fe5-b3fb-6e9f29b390ac",
    "type": "customer",
    "email": "ganeshsanjay8880@gmail.com",
    "name": "Sanjay"
  }
}
[2026-04-28T11:39:53.531Z] Auth attempt: {
  "hasHeader": true,
  "cookieNames": [
    "rzp_unified_session_id",
    "seller_token",
    "customer_token"
  ],
  "uniqueTokensFound": 2,
  "allowedRoles": [
    "customer",
    "admin",
    "super_admin"
  ]
}
[2026-04-28T11:39:53.537Z] Auth successful session found: {
  "user": {
    "id": "6fc4f08e-684f-4fe5-b3fb-6e9f29b390ac",
    "type": "customer",
    "email": "ganeshsanjay8880@gmail.com",
    "name": "Sanjay"
  }
}
[2026-04-28T11:39:53.553Z] Auth attempt: {
  "hasHeader": true,
  "cookieNames": [
    "rzp_unified_session_id",
    "seller_token",
    "customer_token"
  ],
  "uniqueTokensFound": 2,
  "allowedRoles": [
    "customer",
    "admin",
    "super_admin"
  ]
}
[2026-04-28T11:39:53.557Z] Auth successful session found: {
  "user": {
    "id": "6fc4f08e-684f-4fe5-b3fb-6e9f29b390ac",
    "type": "customer",
    "email": "ganeshsanjay8880@gmail.com",
    "name": "Sanjay"
  }
}
[2026-04-28T11:39:53.603Z] Auth attempt: {
  "hasHeader": true,
  "cookieNames": [
    "rzp_unified_session_id",
    "seller_token",
    "customer_token"
  ],
  "uniqueTokensFound": 2,
  "allowedRoles": [
    "customer",
    "admin",
    "super_admin"
  ]
}
[2026-04-28T11:39:53.606Z] Auth attempt: {
  "hasHeader": true,
  "cookieNames": [
    "rzp_unified_session_id",
    "seller_token",
    "customer_token"
  ],
  "uniqueTokensFound": 2,
  "allowedRoles": [
    "customer",
    "admin",
    "super_admin"
  ]
}
[2026-04-28T11:39:53.608Z] Auth successful session found: {
  "user": {
    "id": "6fc4f08e-684f-4fe5-b3fb-6e9f29b390ac",
    "type": "customer",
    "email": "ganeshsanjay8880@gmail.com",
    "name": "Sanjay"
  }
}
[2026-04-28T11:39:53.609Z] Auth successful session found: {
  "user": {
    "id": "6fc4f08e-684f-4fe5-b3fb-6e9f29b390ac",
    "type": "customer",
    "email": "ganeshsanjay8880@gmail.com",
    "name": "Sanjay"
  }
}
[2026-04-28T11:39:53.619Z] Auth attempt: {
  "hasHeader": true,
  "cookieNames": [
    "rzp_unified_session_id",
    "seller_token",
    "customer_token"
  ],
  "uniqueTokensFound": 2,
  "allowedRoles": [
    "customer",
    "admin",
    "super_admin"
  ]
}
[2026-04-28T11:39:53.625Z] Auth successful session found: {
  "user": {
    "id": "6fc4f08e-684f-4fe5-b3fb-6e9f29b390ac",
    "type": "customer",
    "email": "ganeshsanjay8880@gmail.com",
    "name": "Sanjay"
  }
}
[2026-04-28T11:39:53.627Z] Auth attempt: {
  "hasHeader": true,
  "cookieNames": [
    "rzp_unified_session_id",
    "seller_token",
    "customer_token"
  ],
  "uniqueTokensFound": 2,
  "allowedRoles": [
    "customer",
    "admin",
    "super_admin"
  ]
}
[2026-04-28T11:39:53.634Z] Auth successful session found: {
  "user": {
    "id": "6fc4f08e-684f-4fe5-b3fb-6e9f29b390ac",
    "type": "customer",
    "email": "ganeshsanjay8880@gmail.com",
    "name": "Sanjay"
  }
}
[2026-04-28T11:39:53.636Z] Auth attempt: {
  "hasHeader": true,
  "cookieNames": [
    "rzp_unified_session_id",
    "seller_token",
    "customer_token"
  ],
  "uniqueTokensFound": 2,
  "allowedRoles": [
    "customer",
    "admin",
    "super_admin"
  ]
}
[2026-04-28T11:39:53.640Z] Auth successful session found: {
  "user": {
    "id": "6fc4f08e-684f-4fe5-b3fb-6e9f29b390ac",
    "type": "customer",
    "email": "ganeshsanjay8880@gmail.com",
    "name": "Sanjay"
  }
}
[2026-04-28T11:39:53.644Z] Auth attempt: {
  "hasHeader": true,
  "cookieNames": [
    "rzp_unified_session_id",
    "seller_token",
    "customer_token"
  ],
  "uniqueTokensFound": 2,
  "allowedRoles": [
    "customer",
    "admin",
    "super_admin"
  ]
}
[2026-04-28T11:39:53.647Z] Auth successful session found: {
  "user": {
    "id": "6fc4f08e-684f-4fe5-b3fb-6e9f29b390ac",
    "type": "customer",
    "email": "ganeshsanjay8880@gmail.com",
    "name": "Sanjay"
  }
}
[2026-04-28T11:39:56.229Z] Auth attempt: {
  "hasHeader": true,
  "cookieNames": [
    "rzp_unified_session_id",
    "seller_token",
    "customer_token"
  ],
  "uniqueTokensFound": 2,
  "allowedRoles": [
    "customer",
    "admin",
    "super_admin"
  ]
}
[2026-04-28T11:39:56.240Z] Auth successful session found: {
  "user": {
    "id": "6fc4f08e-684f-4fe5-b3fb-6e9f29b390ac",
    "type": "customer",
    "email": "ganeshsanjay8880@gmail.com",
    "name": "Sanjay"
  }
}
[2026-04-28T11:39:56.256Z] Auth attempt: {
  "hasHeader": true,
  "cookieNames": [
    "rzp_unified_session_id",
    "seller_token",
    "customer_token"
  ],
  "uniqueTokensFound": 2,
  "allowedRoles": [
    "customer",
    "admin",
    "super_admin"
  ]
}
[2026-04-28T11:39:56.261Z] Auth successful session found: {
  "user": {
    "id": "6fc4f08e-684f-4fe5-b3fb-6e9f29b390ac",
    "type": "customer",
    "email": "ganeshsanjay8880@gmail.com",
    "name": "Sanjay"
  }
}
[2026-04-28T11:40:01.279Z] Auth attempt: {
  "hasHeader": true,
  "cookieNames": [
    "rzp_unified_session_id",
    "seller_token",
    "customer_token"
  ],
  "uniqueTokensFound": 2,
  "allowedRoles": [
    "customer",
    "admin",
    "super_admin"
  ]
}
[2026-04-28T11:40:01.283Z] Auth successful session found: {
  "user": {
    "id": "6fc4f08e-684f-4fe5-b3fb-6e9f29b390ac",
    "type": "customer",
    "email": "ganeshsanjay8880@gmail.com",
    "name": "Sanjay"
  }
}
[2026-04-28T11:40:04.388Z] Auth attempt: {
  "hasHeader": true,
  "cookieNames": [
    "rzp_unified_session_id",
    "seller_token",
    "customer_token"
  ],
  "uniqueTokensFound": 2,
  "allowedRoles": [
    "customer",
    "admin",
    "super_admin"
  ]
}
[2026-04-28T11:40:04.395Z] Auth successful session found: {
  "user": {
    "id": "6fc4f08e-684f-4fe5-b3fb-6e9f29b390ac",
    "type": "customer",
    "email": "ganeshsanjay8880@gmail.com",
    "name": "Sanjay"
  }
}
[2026-04-28T11:40:04.429Z] Auth attempt: {
  "hasHeader": true,
  "cookieNames": [
    "rzp_unified_session_id",
    "seller_token",
    "customer_token"
  ],
  "uniqueTokensFound": 2,
  "allowedRoles": [
    "customer",
    "admin",
    "super_admin"
  ]
}
[2026-04-28T11:40:04.436Z] Auth successful session found: {
  "user": {
    "id": "6fc4f08e-684f-4fe5-b3fb-6e9f29b390ac",
    "type": "customer",
    "email": "ganeshsanjay8880@gmail.com",
    "name": "Sanjay"
  }
}
[2026-04-28T11:40:20.253Z] Auth attempt: {
  "hasHeader": true,
  "cookieNames": [
    "rzp_unified_session_id",
    "customer_token",
    "seller_token"
  ],
  "uniqueTokensFound": 2,
  "allowedRoles": [
    "seller",
    "admin",
    "super_admin"
  ]
}
[2026-04-28T11:40:20.261Z] Auth attempt: {
  "hasHeader": true,
  "cookieNames": [
    "rzp_unified_session_id",
    "customer_token",
    "seller_token"
  ],
  "uniqueTokensFound": 2,
  "allowedRoles": [
    "seller",
    "admin",
    "super_admin"
  ]
}
[2026-04-28T11:40:20.283Z] Auth successful session found: {
  "user": {
    "id": "b017594a-241f-4fe4-abf4-5117f32025ee",
    "type": "seller",
    "email": "sanjayganesan016@gmail.com",
    "name": "Sanjay seller"
  }
}
[2026-04-28T11:40:20.307Z] Auth attempt: {
  "hasHeader": true,
  "cookieNames": [
    "rzp_unified_session_id",
    "customer_token",
    "seller_token"
  ],
  "uniqueTokensFound": 2,
  "allowedRoles": [
    "seller",
    "admin",
    "super_admin"
  ]
}
[2026-04-28T11:40:20.312Z] Auth successful session found: {
  "user": {
    "id": "b017594a-241f-4fe4-abf4-5117f32025ee",
    "type": "seller",
    "email": "sanjayganesan016@gmail.com",
    "name": "Sanjay seller"
  }
}
[2026-04-28T11:40:20.377Z] Auth successful session found: {
  "user": {
    "id": "b017594a-241f-4fe4-abf4-5117f32025ee",
    "type": "seller",
    "email": "sanjayganesan016@gmail.com",
    "name": "Sanjay seller"
  }
}
[2026-04-28T11:40:20.409Z] Auth attempt: {
  "hasHeader": true,
  "cookieNames": [
    "rzp_unified_session_id",
    "customer_token",
    "seller_token"
  ],
  "uniqueTokensFound": 2,
  "allowedRoles": [
    "seller",
    "admin",
    "super_admin"
  ]
}
[2026-04-28T11:40:20.413Z] Auth successful session found: {
  "user": {
    "id": "b017594a-241f-4fe4-abf4-5117f32025ee",
    "type": "seller",
    "email": "sanjayganesan016@gmail.com",
    "name": "Sanjay seller"
  }
}
[2026-04-28T11:40:20.417Z] Auth attempt: {
  "hasHeader": true,
  "cookieNames": [
    "rzp_unified_session_id",
    "customer_token",
    "seller_token"
  ],
  "uniqueTokensFound": 2,
  "allowedRoles": [
    "seller",
    "admin",
    "super_admin"
  ]
}
[2026-04-28T11:40:20.425Z] Auth successful session found: {
  "user": {
    "id": "b017594a-241f-4fe4-abf4-5117f32025ee",
    "type": "seller",
    "email": "sanjayganesan016@gmail.com",
    "name": "Sanjay seller"
  }
}
[2026-04-28T11:40:20.446Z] Auth attempt: {
  "hasHeader": true,
  "cookieNames": [
    "rzp_unified_session_id",
    "customer_token",
    "seller_token"
  ],
  "uniqueTokensFound": 2,
  "allowedRoles": [
    "seller",
    "admin",
    "super_admin"
  ]
}
[2026-04-28T11:40:20.452Z] Auth successful session found: {
  "user": {
    "id": "b017594a-241f-4fe4-abf4-5117f32025ee",
    "type": "seller",
    "email": "sanjayganesan016@gmail.com",
    "name": "Sanjay seller"
  }
}
[2026-04-28T11:40:26.821Z] Auth attempt: {
  "hasHeader": true,
  "cookieNames": [
    "rzp_unified_session_id",
    "customer_token",
    "seller_token"
  ],
  "uniqueTokensFound": 2,
  "allowedRoles": [
    "seller",
    "admin",
    "super_admin"
  ]
}
[2026-04-28T11:40:26.824Z] Auth successful session found: {
  "user": {
    "id": "b017594a-241f-4fe4-abf4-5117f32025ee",
    "type": "seller",
    "email": "sanjayganesan016@gmail.com",
    "name": "Sanjay seller"
  }
}
[2026-04-28T11:40:33.080Z] Auth attempt: {
  "hasHeader": true,
  "cookieNames": [
    "rzp_unified_session_id",
    "customer_token",
    "seller_token"
  ],
  "uniqueTokensFound": 2,
  "allowedRoles": [
    "seller",
    "admin",
    "super_admin"
  ]
}
[2026-04-28T11:40:33.085Z] Auth successful session found: {
  "user": {
    "id": "b017594a-241f-4fe4-abf4-5117f32025ee",
    "type": "seller",
    "email": "sanjayganesan016@gmail.com",
    "name": "Sanjay seller"
  }
}
[2026-04-28T11:40:33.110Z] Auth attempt: {
  "hasHeader": true,
  "cookieNames": [
    "rzp_unified_session_id",
    "customer_token",
    "seller_token"
  ],
  "uniqueTokensFound": 2,
  "allowedRoles": [
    "seller",
    "admin",
    "super_admin"
  ]
}
[2026-04-28T11:40:33.124Z] Auth successful session found: {
  "user": {
    "id": "b017594a-241f-4fe4-abf4-5117f32025ee",
    "type": "seller",
    "email": "sanjayganesan016@gmail.com",
    "name": "Sanjay seller"
  }
}
[2026-04-28T11:40:33.127Z] Auth attempt: {
  "hasHeader": true,
  "cookieNames": [
    "rzp_unified_session_id",
    "customer_token",
    "seller_token"
  ],
  "uniqueTokensFound": 2,
  "allowedRoles": [
    "seller",
    "admin",
    "super_admin"
  ]
}
[2026-04-28T11:40:33.245Z] Auth successful session found: {
  "user": {
    "id": "b017594a-241f-4fe4-abf4-5117f32025ee",
    "type": "seller",
    "email": "sanjayganesan016@gmail.com",
    "name": "Sanjay seller"
  }
}
[2026-04-28T11:40:33.274Z] Auth attempt: {
  "hasHeader": true,
  "cookieNames": [
    "rzp_unified_session_id",
    "customer_token",
    "seller_token"
  ],
  "uniqueTokensFound": 2,
  "allowedRoles": [
    "seller",
    "admin",
    "super_admin"
  ]
}
[2026-04-28T11:40:33.279Z] Auth successful session found: {
  "user": {
    "id": "b017594a-241f-4fe4-abf4-5117f32025ee",
    "type": "seller",
    "email": "sanjayganesan016@gmail.com",
    "name": "Sanjay seller"
  }
}
[2026-04-28T11:40:34.492Z] Auth attempt: {
  "hasHeader": true,
  "cookieNames": [
    "rzp_unified_session_id",
    "customer_token",
    "seller_token"
  ],
  "uniqueTokensFound": 2,
  "allowedRoles": [
    "seller",
    "admin",
    "super_admin"
  ]
}
[2026-04-28T11:40:34.501Z] Auth successful session found: {
  "user": {
    "id": "b017594a-241f-4fe4-abf4-5117f32025ee",
    "type": "seller",
    "email": "sanjayganesan016@gmail.com",
    "name": "Sanjay seller"
  }
}
[2026-04-28T11:40:34.594Z] Auth attempt: {
  "hasHeader": true,
  "cookieNames": [
    "rzp_unified_session_id",
    "customer_token",
    "seller_token"
  ],
  "uniqueTokensFound": 2,
  "allowedRoles": [
    "seller",
    "admin",
    "super_admin"
  ]
}
[2026-04-28T11:40:34.596Z] Auth attempt: {
  "hasHeader": true,
  "cookieNames": [
    "rzp_unified_session_id",
    "customer_token",
    "seller_token"
  ],
  "uniqueTokensFound": 2,
  "allowedRoles": [
    "seller",
    "admin",
    "super_admin"
  ]
}
[2026-04-28T11:40:34.601Z] Auth successful session found: {
  "user": {
    "id": "b017594a-241f-4fe4-abf4-5117f32025ee",
    "type": "seller",
    "email": "sanjayganesan016@gmail.com",
    "name": "Sanjay seller"
  }
}
[2026-04-28T11:40:34.691Z] Auth successful session found: {
  "user": {
    "id": "b017594a-241f-4fe4-abf4-5117f32025ee",
    "type": "seller",
    "email": "sanjayganesan016@gmail.com",
    "name": "Sanjay seller"
  }
}
[2026-04-28T11:40:34.788Z] Auth attempt: {
  "hasHeader": true,
  "cookieNames": [
    "rzp_unified_session_id",
    "customer_token",
    "seller_token"
  ],
  "uniqueTokensFound": 2,
  "allowedRoles": [
    "seller",
    "admin",
    "super_admin"
  ]
}
[2026-04-28T11:40:34.812Z] Auth successful session found: {
  "user": {
    "id": "b017594a-241f-4fe4-abf4-5117f32025ee",
    "type": "seller",
    "email": "sanjayganesan016@gmail.com",
    "name": "Sanjay seller"
  }
}
[2026-04-28T11:40:36.187Z] Auth attempt: {
  "hasHeader": true,
  "cookieNames": [
    "rzp_unified_session_id",
    "customer_token",
    "seller_token"
  ],
  "uniqueTokensFound": 2,
  "allowedRoles": [
    "seller",
    "admin",
    "super_admin"
  ]
}
[2026-04-28T11:40:36.191Z] Auth successful session found: {
  "user": {
    "id": "b017594a-241f-4fe4-abf4-5117f32025ee",
    "type": "seller",
    "email": "sanjayganesan016@gmail.com",
    "name": "Sanjay seller"
  }
}
[2026-04-28T11:40:36.207Z] Auth attempt: {
  "hasHeader": true,
  "cookieNames": [
    "rzp_unified_session_id",
    "customer_token",
    "seller_token"
  ],
  "uniqueTokensFound": 2,
  "allowedRoles": [
    "seller",
    "admin",
    "super_admin"
  ]
}
[2026-04-28T11:40:36.209Z] Auth attempt: {
  "hasHeader": true,
  "cookieNames": [
    "rzp_unified_session_id",
    "customer_token",
    "seller_token"
  ],
  "uniqueTokensFound": 2,
  "allowedRoles": [
    "seller",
    "admin",
    "super_admin"
  ]
}
[2026-04-28T11:40:36.210Z] Auth successful session found: {
  "user": {
    "id": "b017594a-241f-4fe4-abf4-5117f32025ee",
    "type": "seller",
    "email": "sanjayganesan016@gmail.com",
    "name": "Sanjay seller"
  }
}
[2026-04-28T11:40:36.212Z] Auth successful session found: {
  "user": {
    "id": "b017594a-241f-4fe4-abf4-5117f32025ee",
    "type": "seller",
    "email": "sanjayganesan016@gmail.com",
    "name": "Sanjay seller"
  }
}
[2026-04-28T11:40:36.228Z] Auth attempt: {
  "hasHeader": true,
  "cookieNames": [
    "rzp_unified_session_id",
    "customer_token",
    "seller_token"
  ],
  "uniqueTokensFound": 2,
  "allowedRoles": [
    "seller",
    "admin",
    "super_admin"
  ]
}
[2026-04-28T11:40:36.236Z] Auth successful session found: {
  "user": {
    "id": "b017594a-241f-4fe4-abf4-5117f32025ee",
    "type": "seller",
    "email": "sanjayganesan016@gmail.com",
    "name": "Sanjay seller"
  }
}
[2026-04-28T11:40:40.162Z] Auth attempt: {
  "hasHeader": true,
  "cookieNames": [
    "rzp_unified_session_id",
    "customer_token",
    "seller_token"
  ],
  "uniqueTokensFound": 2,
  "allowedRoles": [
    "seller",
    "admin",
    "super_admin"
  ]
}
[2026-04-28T11:40:40.166Z] Auth successful session found: {
  "user": {
    "id": "b017594a-241f-4fe4-abf4-5117f32025ee",
    "type": "seller",
    "email": "sanjayganesan016@gmail.com",
    "name": "Sanjay seller"
  }
}
[2026-04-28T11:40:40.174Z] Auth attempt: {
  "hasHeader": true,
  "cookieNames": [
    "rzp_unified_session_id",
    "customer_token",
    "seller_token"
  ],
  "uniqueTokensFound": 2,
  "allowedRoles": [
    "seller",
    "admin",
    "super_admin"
  ]
}
[2026-04-28T11:40:40.178Z] Auth successful session found: {
  "user": {
    "id": "b017594a-241f-4fe4-abf4-5117f32025ee",
    "type": "seller",
    "email": "sanjayganesan016@gmail.com",
    "name": "Sanjay seller"
  }
}
[2026-04-28T11:40:43.559Z] Auth attempt: {
  "hasHeader": true,
  "cookieNames": [
    "rzp_unified_session_id",
    "customer_token",
    "seller_token"
  ],
  "uniqueTokensFound": 2,
  "allowedRoles": [
    "seller",
    "admin",
    "super_admin"
  ]
}
[2026-04-28T11:40:43.562Z] Auth successful session found: {
  "user": {
    "id": "b017594a-241f-4fe4-abf4-5117f32025ee",
    "type": "seller",
    "email": "sanjayganesan016@gmail.com",
    "name": "Sanjay seller"
  }
}
[2026-04-28T11:40:43.568Z] Auth attempt: {
  "hasHeader": true,
  "cookieNames": [
    "rzp_unified_session_id",
    "customer_token",
    "seller_token"
  ],
  "uniqueTokensFound": 2,
  "allowedRoles": [
    "seller",
    "admin",
    "super_admin"
  ]
}
[2026-04-28T11:40:43.574Z] Auth successful session found: {
  "user": {
    "id": "b017594a-241f-4fe4-abf4-5117f32025ee",
    "type": "seller",
    "email": "sanjayganesan016@gmail.com",
    "name": "Sanjay seller"
  }
}
[2026-04-28T11:40:44.793Z] Auth attempt: {
  "hasHeader": true,
  "cookieNames": [
    "rzp_unified_session_id",
    "customer_token",
    "seller_token"
  ],
  "uniqueTokensFound": 2,
  "allowedRoles": [
    "seller",
    "admin",
    "super_admin"
  ]
}
[2026-04-28T11:40:44.796Z] Auth successful session found: {
  "user": {
    "id": "b017594a-241f-4fe4-abf4-5117f32025ee",
    "type": "seller",
    "email": "sanjayganesan016@gmail.com",
    "name": "Sanjay seller"
  }
}
[2026-04-28T11:40:44.873Z] Auth attempt: {
  "hasHeader": true,
  "cookieNames": [
    "rzp_unified_session_id",
    "customer_token",
    "seller_token"
  ],
  "uniqueTokensFound": 2,
  "allowedRoles": [
    "seller",
    "admin",
    "super_admin"
  ]
}
[2026-04-28T11:40:44.879Z] Auth successful session found: {
  "user": {
    "id": "b017594a-241f-4fe4-abf4-5117f32025ee",
    "type": "seller",
    "email": "sanjayganesan016@gmail.com",
    "name": "Sanjay seller"
  }
}
[2026-04-28T11:40:44.889Z] Auth attempt: {
  "hasHeader": true,
  "cookieNames": [
    "rzp_unified_session_id",
    "customer_token",
    "seller_token"
  ],
  "uniqueTokensFound": 2,
  "allowedRoles": [
    "seller",
    "admin",
    "super_admin"
  ]
}
[2026-04-28T11:40:44.965Z] Auth successful session found: {
  "user": {
    "id": "b017594a-241f-4fe4-abf4-5117f32025ee",
    "type": "seller",
    "email": "sanjayganesan016@gmail.com",
    "name": "Sanjay seller"
  }
}
[2026-04-28T11:40:45.062Z] Auth attempt: {
  "hasHeader": true,
  "cookieNames": [
    "rzp_unified_session_id",
    "customer_token",
    "seller_token"
  ],
  "uniqueTokensFound": 2,
  "allowedRoles": [
    "seller",
    "admin",
    "super_admin"
  ]
}
[2026-04-28T11:40:45.073Z] Auth successful session found: {
  "user": {
    "id": "b017594a-241f-4fe4-abf4-5117f32025ee",
    "type": "seller",
    "email": "sanjayganesan016@gmail.com",
    "name": "Sanjay seller"
  }
}
[2026-04-28T11:40:48.220Z] Auth attempt: {
  "hasHeader": true,
  "cookieNames": [
    "rzp_unified_session_id",
    "customer_token",
    "seller_token"
  ],
  "uniqueTokensFound": 2,
  "allowedRoles": [
    "seller",
    "admin",
    "super_admin"
  ]
}
[2026-04-28T11:40:48.223Z] Auth attempt: {
  "hasHeader": true,
  "cookieNames": [
    "rzp_unified_session_id",
    "customer_token",
    "seller_token"
  ],
  "uniqueTokensFound": 2,
  "allowedRoles": [
    "seller",
    "admin",
    "super_admin"
  ]
}
[2026-04-28T11:40:48.225Z] Auth successful session found: {
  "user": {
    "id": "b017594a-241f-4fe4-abf4-5117f32025ee",
    "type": "seller",
    "email": "sanjayganesan016@gmail.com",
    "name": "Sanjay seller"
  }
}
[2026-04-28T11:40:48.226Z] Auth successful session found: {
  "user": {
    "id": "b017594a-241f-4fe4-abf4-5117f32025ee",
    "type": "seller",
    "email": "sanjayganesan016@gmail.com",
    "name": "Sanjay seller"
  }
}
[2026-04-28T11:40:48.240Z] Auth attempt: {
  "hasHeader": true,
  "cookieNames": [
    "rzp_unified_session_id",
    "customer_token",
    "seller_token"
  ],
  "uniqueTokensFound": 2,
  "allowedRoles": [
    "seller",
    "admin",
    "super_admin"
  ]
}
[2026-04-28T11:40:48.243Z] Auth attempt: {
  "hasHeader": true,
  "cookieNames": [
    "rzp_unified_session_id",
    "customer_token",
    "seller_token"
  ],
  "uniqueTokensFound": 2,
  "allowedRoles": [
    "seller",
    "admin",
    "super_admin"
  ]
}
[2026-04-28T11:40:48.245Z] Auth successful session found: {
  "user": {
    "id": "b017594a-241f-4fe4-abf4-5117f32025ee",
    "type": "seller",
    "email": "sanjayganesan016@gmail.com",
    "name": "Sanjay seller"
  }
}
[2026-04-28T11:40:48.250Z] Auth successful session found: {
  "user": {
    "id": "b017594a-241f-4fe4-abf4-5117f32025ee",
    "type": "seller",
    "email": "sanjayganesan016@gmail.com",
    "name": "Sanjay seller"
  }
}
[2026-04-28T11:40:50.219Z] Auth attempt: {
  "hasHeader": true,
  "cookieNames": [
    "rzp_unified_session_id",
    "customer_token",
    "seller_token"
  ],
  "uniqueTokensFound": 2,
  "allowedRoles": [
    "seller",
    "admin",
    "super_admin"
  ]
}
[2026-04-28T11:40:50.222Z] Auth successful session found: {
  "user": {
    "id": "b017594a-241f-4fe4-abf4-5117f32025ee",
    "type": "seller",
    "email": "sanjayganesan016@gmail.com",
    "name": "Sanjay seller"
  }
}
[2026-04-28T11:40:51.359Z] Auth attempt: {
  "hasHeader": true,
  "cookieNames": [
    "rzp_unified_session_id",
    "customer_token",
    "seller_token"
  ],
  "uniqueTokensFound": 2,
  "allowedRoles": [
    "seller",
    "admin",
    "super_admin"
  ]
}
[2026-04-28T11:40:51.362Z] Auth successful session found: {
  "user": {
    "id": "b017594a-241f-4fe4-abf4-5117f32025ee",
    "type": "seller",
    "email": "sanjayganesan016@gmail.com",
    "name": "Sanjay seller"
  }
}
[2026-04-28T11:40:51.372Z] Auth attempt: {
  "hasHeader": true,
  "cookieNames": [
    "rzp_unified_session_id",
    "customer_token",
    "seller_token"
  ],
  "uniqueTokensFound": 2,
  "allowedRoles": [
    "seller",
    "admin",
    "super_admin"
  ]
}
[2026-04-28T11:40:51.376Z] Auth successful session found: {
  "user": {
    "id": "b017594a-241f-4fe4-abf4-5117f32025ee",
    "type": "seller",
    "email": "sanjayganesan016@gmail.com",
    "name": "Sanjay seller"
  }
}
